filepath,filename,modality,channel,emotion_id,emotion,intensity,statement,repetition,actor,gender
../../data\Actor_01\03-01-01-01-01-01-01.wav,03-01-01-01-01-01-01.wav,03,speech,01,neutral,normal,01,01,1,male
../../data\Actor_01\03-01-01-01-01-02-01.wav,03-01-01-01-01-02-01.wav,03,speech,01,neutral,normal,01,02,1,male
../../data\Actor_01\03-01-01-01-02-01-01.wav,03-01-01-01-02-01-01.wav,03,speech,01,neutral,normal,02,01,1,male
../../data\Actor_01\03-01-01-01-02-02-01.wav,03-01-01-01-02-02-01.wav,03,speech,01,neutral,normal,02,02,1,male
../../data\Actor_01\03-01-02-01-01-01-01.wav,03-01-02-01-01-01-01.wav,03,speech,02,calm,normal,01,01,1,male
../../data\Actor_01\03-01-02-01-01-02-01.wav,03-01-02-01-01-02-01.wav,03,speech,02,calm,normal,01,02,1,male
../../data\Actor_01\03-01-02-01-02-01-01.wav,03-01-02-01-02-01-01.wav,03,speech,02,calm,normal,02,01,1,male
../../data\Actor_01\03-01-02-01-02-02-01.wav,03-01-02-01-02-02-01.wav,03,speech,02,calm,normal,02,02,1,male
../../data\Actor_01\03-01-02-02-01-01-01.wav,03-01-02-02-01-01-01.wav,03,speech,02,calm,strong,01,01,1,male
../../data\Actor_01\03-01-02-02-01-02-01.wav,03-01-02-02-01-02-01.wav,03,speech,02,calm,strong,01,02,1,male
../../data\Actor_01\03-01-02-02-02-01-01.wav,03-01-02-02-02-01-01.wav,03,speech,02,calm,strong,02,01,1,male
../../data\Actor_01\03-01-02-02-02-02-01.wav,03-01-02-02-02-02-01.wav,03,speech,02,calm,strong,02,02,1,male
../../data\Actor_01\03-01-03-01-01-01-01.wav,03-01-03-01-01-01-01.wav,03,speech,03,happy,normal,01,01,1,male
../../data\Actor_01\03-01-03-01-01-02-01.wav,03-01-03-01-01-02-01.wav,03,speech,03,happy,normal,01,02,1,male
../../data\Actor_01\03-01-03-01-02-01-01.wav,03-01-03-01-02-01-01.wav,03,speech,03,happy,normal,02,01,1,male
../../data\Actor_01\03-01-03-01-02-02-01.wav,03-01-03-01-02-02-01.wav,03,speech,03,happy,normal,02,02,1,male
../../data\Actor_01\03-01-03-02-01-01-01.wav,03-01-03-02-01-01-01.wav,03,speech,03,happy,strong,01,01,1,male
../../data\Actor_01\03-01-03-02-01-02-01.wav,03-01-03-02-01-02-01.wav,03,speech,03,happy,strong,01,02,1,male
../../data\Actor_01\03-01-03-02-02-01-01.wav,03-01-03-02-02-01-01.wav,03,speech,03,happy,strong,02,01,1,male
../../data\Actor_01\03-01-03-02-02-02-01.wav,03-01-03-02-02-02-01.wav,03,speech,03,happy,strong,02,02,1,male
../../data\Actor_01\03-01-04-01-01-01-01.wav,03-01-04-01-01-01-01.wav,03,speech,04,sad,normal,01,01,1,male
../../data\Actor_01\03-01-04-01-01-02-01.wav,03-01-04-01-01-02-01.wav,03,speech,04,sad,normal,01,02,1,male
../../data\Actor_01\03-01-04-01-02-01-01.wav,03-01-04-01-02-01-01.wav,03,speech,04,sad,normal,02,01,1,male
../../data\Actor_01\03-01-04-01-02-02-01.wav,03-01-04-01-02-02-01.wav,03,speech,04,sad,normal,02,02,1,male
../../data\Actor_01\03-01-04-02-01-01-01.wav,03-01-04-02-01-01-01.wav,03,speech,04,sad,strong,01,01,1,male
../../data\Actor_01\03-01-04-02-01-02-01.wav,03-01-04-02-01-02-01.wav,03,speech,04,sad,strong,01,02,1,male
../../data\Actor_01\03-01-04-02-02-01-01.wav,03-01-04-02-02-01-01.wav,03,speech,04,sad,strong,02,01,1,male
../../data\Actor_01\03-01-04-02-02-02-01.wav,03-01-04-02-02-02-01.wav,03,speech,04,sad,strong,02,02,1,male
../../data\Actor_01\03-01-05-01-01-01-01.wav,03-01-05-01-01-01-01.wav,03,speech,05,angry,normal,01,01,1,male
../../data\Actor_01\03-01-05-01-01-02-01.wav,03-01-05-01-01-02-01.wav,03,speech,05,angry,normal,01,02,1,male
../../data\Actor_01\03-01-05-01-02-01-01.wav,03-01-05-01-02-01-01.wav,03,speech,05,angry,normal,02,01,1,male
../../data\Actor_01\03-01-05-01-02-02-01.wav,03-01-05-01-02-02-01.wav,03,speech,05,angry,normal,02,02,1,male
../../data\Actor_01\03-01-05-02-01-01-01.wav,03-01-05-02-01-01-01.wav,03,speech,05,angry,strong,01,01,1,male
../../data\Actor_01\03-01-05-02-01-02-01.wav,03-01-05-02-01-02-01.wav,03,speech,05,angry,strong,01,02,1,male
../../data\Actor_01\03-01-05-02-02-01-01.wav,03-01-05-02-02-01-01.wav,03,speech,05,angry,strong,02,01,1,male
../../data\Actor_01\03-01-05-02-02-02-01.wav,03-01-05-02-02-02-01.wav,03,speech,05,angry,strong,02,02,1,male
../../data\Actor_01\03-01-06-01-01-01-01.wav,03-01-06-01-01-01-01.wav,03,speech,06,fearful,normal,01,01,1,male
../../data\Actor_01\03-01-06-01-01-02-01.wav,03-01-06-01-01-02-01.wav,03,speech,06,fearful,normal,01,02,1,male
../../data\Actor_01\03-01-06-01-02-01-01.wav,03-01-06-01-02-01-01.wav,03,speech,06,fearful,normal,02,01,1,male
../../data\Actor_01\03-01-06-01-02-02-01.wav,03-01-06-01-02-02-01.wav,03,speech,06,fearful,normal,02,02,1,male
../../data\Actor_01\03-01-06-02-01-01-01.wav,03-01-06-02-01-01-01.wav,03,speech,06,fearful,strong,01,01,1,male
../../data\Actor_01\03-01-06-02-01-02-01.wav,03-01-06-02-01-02-01.wav,03,speech,06,fearful,strong,01,02,1,male
../../data\Actor_01\03-01-06-02-02-01-01.wav,03-01-06-02-02-01-01.wav,03,speech,06,fearful,strong,02,01,1,male
../../data\Actor_01\03-01-06-02-02-02-01.wav,03-01-06-02-02-02-01.wav,03,speech,06,fearful,strong,02,02,1,male
../../data\Actor_01\03-01-07-01-01-01-01.wav,03-01-07-01-01-01-01.wav,03,speech,07,disgust,normal,01,01,1,male
../../data\Actor_01\03-01-07-01-01-02-01.wav,03-01-07-01-01-02-01.wav,03,speech,07,disgust,normal,01,02,1,male
../../data\Actor_01\03-01-07-01-02-01-01.wav,03-01-07-01-02-01-01.wav,03,speech,07,disgust,normal,02,01,1,male
../../data\Actor_01\03-01-07-01-02-02-01.wav,03-01-07-01-02-02-01.wav,03,speech,07,disgust,normal,02,02,1,male
../../data\Actor_01\03-01-07-02-01-01-01.wav,03-01-07-02-01-01-01.wav,03,speech,07,disgust,strong,01,01,1,male
../../data\Actor_01\03-01-07-02-01-02-01.wav,03-01-07-02-01-02-01.wav,03,speech,07,disgust,strong,01,02,1,male
../../data\Actor_01\03-01-07-02-02-01-01.wav,03-01-07-02-02-01-01.wav,03,speech,07,disgust,strong,02,01,1,male
../../data\Actor_01\03-01-07-02-02-02-01.wav,03-01-07-02-02-02-01.wav,03,speech,07,disgust,strong,02,02,1,male
../../data\Actor_01\03-01-08-01-01-01-01.wav,03-01-08-01-01-01-01.wav,03,speech,08,surprised,normal,01,01,1,male
../../data\Actor_01\03-01-08-01-01-02-01.wav,03-01-08-01-01-02-01.wav,03,speech,08,surprised,normal,01,02,1,male
../../data\Actor_01\03-01-08-01-02-01-01.wav,03-01-08-01-02-01-01.wav,03,speech,08,surprised,normal,02,01,1,male
../../data\Actor_01\03-01-08-01-02-02-01.wav,03-01-08-01-02-02-01.wav,03,speech,08,surprised,normal,02,02,1,male
../../data\Actor_01\03-01-08-02-01-01-01.wav,03-01-08-02-01-01-01.wav,03,speech,08,surprised,strong,01,01,1,male
../../data\Actor_01\03-01-08-02-01-02-01.wav,03-01-08-02-01-02-01.wav,03,speech,08,surprised,strong,01,02,1,male
../../data\Actor_01\03-01-08-02-02-01-01.wav,03-01-08-02-02-01-01.wav,03,speech,08,surprised,strong,02,01,1,male
../../data\Actor_01\03-01-08-02-02-02-01.wav,03-01-08-02-02-02-01.wav,03,speech,08,surprised,strong,02,02,1,male
../../data\Actor_01\03-02-01-01-01-01-01.wav,03-02-01-01-01-01-01.wav,03,song,01,neutral,normal,01,01,1,male
../../data\Actor_01\03-02-01-01-01-02-01.wav,03-02-01-01-01-02-01.wav,03,song,01,neutral,normal,01,02,1,male
../../data\Actor_01\03-02-01-01-02-01-01.wav,03-02-01-01-02-01-01.wav,03,song,01,neutral,normal,02,01,1,male
../../data\Actor_01\03-02-01-01-02-02-01.wav,03-02-01-01-02-02-01.wav,03,song,01,neutral,normal,02,02,1,male
../../data\Actor_01\03-02-02-01-01-01-01.wav,03-02-02-01-01-01-01.wav,03,song,02,calm,normal,01,01,1,male
../../data\Actor_01\03-02-02-01-01-02-01.wav,03-02-02-01-01-02-01.wav,03,song,02,calm,normal,01,02,1,male
../../data\Actor_01\03-02-02-01-02-01-01.wav,03-02-02-01-02-01-01.wav,03,song,02,calm,normal,02,01,1,male
../../data\Actor_01\03-02-02-01-02-02-01.wav,03-02-02-01-02-02-01.wav,03,song,02,calm,normal,02,02,1,male
../../data\Actor_01\03-02-02-02-01-01-01.wav,03-02-02-02-01-01-01.wav,03,song,02,calm,strong,01,01,1,male
../../data\Actor_01\03-02-02-02-01-02-01.wav,03-02-02-02-01-02-01.wav,03,song,02,calm,strong,01,02,1,male
../../data\Actor_01\03-02-02-02-02-01-01.wav,03-02-02-02-02-01-01.wav,03,song,02,calm,strong,02,01,1,male
../../data\Actor_01\03-02-02-02-02-02-01.wav,03-02-02-02-02-02-01.wav,03,song,02,calm,strong,02,02,1,male
../../data\Actor_01\03-02-03-01-01-01-01.wav,03-02-03-01-01-01-01.wav,03,song,03,happy,normal,01,01,1,male
../../data\Actor_01\03-02-03-01-01-02-01.wav,03-02-03-01-01-02-01.wav,03,song,03,happy,normal,01,02,1,male
../../data\Actor_01\03-02-03-01-02-01-01.wav,03-02-03-01-02-01-01.wav,03,song,03,happy,normal,02,01,1,male
../../data\Actor_01\03-02-03-01-02-02-01.wav,03-02-03-01-02-02-01.wav,03,song,03,happy,normal,02,02,1,male
../../data\Actor_01\03-02-03-02-01-01-01.wav,03-02-03-02-01-01-01.wav,03,song,03,happy,strong,01,01,1,male
../../data\Actor_01\03-02-03-02-01-02-01.wav,03-02-03-02-01-02-01.wav,03,song,03,happy,strong,01,02,1,male
../../data\Actor_01\03-02-03-02-02-01-01.wav,03-02-03-02-02-01-01.wav,03,song,03,happy,strong,02,01,1,male
../../data\Actor_01\03-02-03-02-02-02-01.wav,03-02-03-02-02-02-01.wav,03,song,03,happy,strong,02,02,1,male
../../data\Actor_01\03-02-04-01-01-01-01.wav,03-02-04-01-01-01-01.wav,03,song,04,sad,normal,01,01,1,male
../../data\Actor_01\03-02-04-01-01-02-01.wav,03-02-04-01-01-02-01.wav,03,song,04,sad,normal,01,02,1,male
../../data\Actor_01\03-02-04-01-02-01-01.wav,03-02-04-01-02-01-01.wav,03,song,04,sad,normal,02,01,1,male
../../data\Actor_01\03-02-04-01-02-02-01.wav,03-02-04-01-02-02-01.wav,03,song,04,sad,normal,02,02,1,male
../../data\Actor_01\03-02-04-02-01-01-01.wav,03-02-04-02-01-01-01.wav,03,song,04,sad,strong,01,01,1,male
../../data\Actor_01\03-02-04-02-01-02-01.wav,03-02-04-02-01-02-01.wav,03,song,04,sad,strong,01,02,1,male
../../data\Actor_01\03-02-04-02-02-01-01.wav,03-02-04-02-02-01-01.wav,03,song,04,sad,strong,02,01,1,male
../../data\Actor_01\03-02-04-02-02-02-01.wav,03-02-04-02-02-02-01.wav,03,song,04,sad,strong,02,02,1,male
../../data\Actor_01\03-02-05-01-01-01-01.wav,03-02-05-01-01-01-01.wav,03,song,05,angry,normal,01,01,1,male
../../data\Actor_01\03-02-05-01-01-02-01.wav,03-02-05-01-01-02-01.wav,03,song,05,angry,normal,01,02,1,male
../../data\Actor_01\03-02-05-01-02-01-01.wav,03-02-05-01-02-01-01.wav,03,song,05,angry,normal,02,01,1,male
../../data\Actor_01\03-02-05-01-02-02-01.wav,03-02-05-01-02-02-01.wav,03,song,05,angry,normal,02,02,1,male
../../data\Actor_01\03-02-05-02-01-01-01.wav,03-02-05-02-01-01-01.wav,03,song,05,angry,strong,01,01,1,male
../../data\Actor_01\03-02-05-02-01-02-01.wav,03-02-05-02-01-02-01.wav,03,song,05,angry,strong,01,02,1,male
../../data\Actor_01\03-02-05-02-02-01-01.wav,03-02-05-02-02-01-01.wav,03,song,05,angry,strong,02,01,1,male
../../data\Actor_01\03-02-05-02-02-02-01.wav,03-02-05-02-02-02-01.wav,03,song,05,angry,strong,02,02,1,male
../../data\Actor_01\03-02-06-01-01-01-01.wav,03-02-06-01-01-01-01.wav,03,song,06,fearful,normal,01,01,1,male
../../data\Actor_01\03-02-06-01-01-02-01.wav,03-02-06-01-01-02-01.wav,03,song,06,fearful,normal,01,02,1,male
../../data\Actor_01\03-02-06-01-02-01-01.wav,03-02-06-01-02-01-01.wav,03,song,06,fearful,normal,02,01,1,male
../../data\Actor_01\03-02-06-01-02-02-01.wav,03-02-06-01-02-02-01.wav,03,song,06,fearful,normal,02,02,1,male
../../data\Actor_01\03-02-06-02-01-01-01.wav,03-02-06-02-01-01-01.wav,03,song,06,fearful,strong,01,01,1,male
../../data\Actor_01\03-02-06-02-01-02-01.wav,03-02-06-02-01-02-01.wav,03,song,06,fearful,strong,01,02,1,male
../../data\Actor_01\03-02-06-02-02-01-01.wav,03-02-06-02-02-01-01.wav,03,song,06,fearful,strong,02,01,1,male
../../data\Actor_01\03-02-06-02-02-02-01.wav,03-02-06-02-02-02-01.wav,03,song,06,fearful,strong,02,02,1,male
../../data\Actor_02\03-01-01-01-01-01-02.wav,03-01-01-01-01-01-02.wav,03,speech,01,neutral,normal,01,01,2,female
../../data\Actor_02\03-01-01-01-01-02-02.wav,03-01-01-01-01-02-02.wav,03,speech,01,neutral,normal,01,02,2,female
../../data\Actor_02\03-01-01-01-02-01-02.wav,03-01-01-01-02-01-02.wav,03,speech,01,neutral,normal,02,01,2,female
../../data\Actor_02\03-01-01-01-02-02-02.wav,03-01-01-01-02-02-02.wav,03,speech,01,neutral,normal,02,02,2,female
../../data\Actor_02\03-01-02-01-01-01-02.wav,03-01-02-01-01-01-02.wav,03,speech,02,calm,normal,01,01,2,female
../../data\Actor_02\03-01-02-01-01-02-02.wav,03-01-02-01-01-02-02.wav,03,speech,02,calm,normal,01,02,2,female
../../data\Actor_02\03-01-02-01-02-01-02.wav,03-01-02-01-02-01-02.wav,03,speech,02,calm,normal,02,01,2,female
../../data\Actor_02\03-01-02-01-02-02-02.wav,03-01-02-01-02-02-02.wav,03,speech,02,calm,normal,02,02,2,female
../../data\Actor_02\03-01-02-02-01-01-02.wav,03-01-02-02-01-01-02.wav,03,speech,02,calm,strong,01,01,2,female
../../data\Actor_02\03-01-02-02-01-02-02.wav,03-01-02-02-01-02-02.wav,03,speech,02,calm,strong,01,02,2,female
../../data\Actor_02\03-01-02-02-02-01-02.wav,03-01-02-02-02-01-02.wav,03,speech,02,calm,strong,02,01,2,female
../../data\Actor_02\03-01-02-02-02-02-02.wav,03-01-02-02-02-02-02.wav,03,speech,02,calm,strong,02,02,2,female
../../data\Actor_02\03-01-03-01-01-01-02.wav,03-01-03-01-01-01-02.wav,03,speech,03,happy,normal,01,01,2,female
../../data\Actor_02\03-01-03-01-01-02-02.wav,03-01-03-01-01-02-02.wav,03,speech,03,happy,normal,01,02,2,female
../../data\Actor_02\03-01-03-01-02-01-02.wav,03-01-03-01-02-01-02.wav,03,speech,03,happy,normal,02,01,2,female
../../data\Actor_02\03-01-03-01-02-02-02.wav,03-01-03-01-02-02-02.wav,03,speech,03,happy,normal,02,02,2,female
../../data\Actor_02\03-01-03-02-01-01-02.wav,03-01-03-02-01-01-02.wav,03,speech,03,happy,strong,01,01,2,female
../../data\Actor_02\03-01-03-02-01-02-02.wav,03-01-03-02-01-02-02.wav,03,speech,03,happy,strong,01,02,2,female
../../data\Actor_02\03-01-03-02-02-01-02.wav,03-01-03-02-02-01-02.wav,03,speech,03,happy,strong,02,01,2,female
../../data\Actor_02\03-01-03-02-02-02-02.wav,03-01-03-02-02-02-02.wav,03,speech,03,happy,strong,02,02,2,female
../../data\Actor_02\03-01-04-01-01-01-02.wav,03-01-04-01-01-01-02.wav,03,speech,04,sad,normal,01,01,2,female
../../data\Actor_02\03-01-04-01-01-02-02.wav,03-01-04-01-01-02-02.wav,03,speech,04,sad,normal,01,02,2,female
../../data\Actor_02\03-01-04-01-02-01-02.wav,03-01-04-01-02-01-02.wav,03,speech,04,sad,normal,02,01,2,female
../../data\Actor_02\03-01-04-01-02-02-02.wav,03-01-04-01-02-02-02.wav,03,speech,04,sad,normal,02,02,2,female
../../data\Actor_02\03-01-04-02-01-01-02.wav,03-01-04-02-01-01-02.wav,03,speech,04,sad,strong,01,01,2,female
../../data\Actor_02\03-01-04-02-01-02-02.wav,03-01-04-02-01-02-02.wav,03,speech,04,sad,strong,01,02,2,female
../../data\Actor_02\03-01-04-02-02-01-02.wav,03-01-04-02-02-01-02.wav,03,speech,04,sad,strong,02,01,2,female
../../data\Actor_02\03-01-04-02-02-02-02.wav,03-01-04-02-02-02-02.wav,03,speech,04,sad,strong,02,02,2,female
../../data\Actor_02\03-01-05-01-01-01-02.wav,03-01-05-01-01-01-02.wav,03,speech,05,angry,normal,01,01,2,female
../../data\Actor_02\03-01-05-01-01-02-02.wav,03-01-05-01-01-02-02.wav,03,speech,05,angry,normal,01,02,2,female
../../data\Actor_02\03-01-05-01-02-01-02.wav,03-01-05-01-02-01-02.wav,03,speech,05,angry,normal,02,01,2,female
../../data\Actor_02\03-01-05-01-02-02-02.wav,03-01-05-01-02-02-02.wav,03,speech,05,angry,normal,02,02,2,female
../../data\Actor_02\03-01-05-02-01-01-02.wav,03-01-05-02-01-01-02.wav,03,speech,05,angry,strong,01,01,2,female
../../data\Actor_02\03-01-05-02-01-02-02.wav,03-01-05-02-01-02-02.wav,03,speech,05,angry,strong,01,02,2,female
../../data\Actor_02\03-01-05-02-02-01-02.wav,03-01-05-02-02-01-02.wav,03,speech,05,angry,strong,02,01,2,female
../../data\Actor_02\03-01-05-02-02-02-02.wav,03-01-05-02-02-02-02.wav,03,speech,05,angry,strong,02,02,2,female
../../data\Actor_02\03-01-06-01-01-01-02.wav,03-01-06-01-01-01-02.wav,03,speech,06,fearful,normal,01,01,2,female
../../data\Actor_02\03-01-06-01-01-02-02.wav,03-01-06-01-01-02-02.wav,03,speech,06,fearful,normal,01,02,2,female
../../data\Actor_02\03-01-06-01-02-01-02.wav,03-01-06-01-02-01-02.wav,03,speech,06,fearful,normal,02,01,2,female
../../data\Actor_02\03-01-06-01-02-02-02.wav,03-01-06-01-02-02-02.wav,03,speech,06,fearful,normal,02,02,2,female
../../data\Actor_02\03-01-06-02-01-01-02.wav,03-01-06-02-01-01-02.wav,03,speech,06,fearful,strong,01,01,2,female
../../data\Actor_02\03-01-06-02-01-02-02.wav,03-01-06-02-01-02-02.wav,03,speech,06,fearful,strong,01,02,2,female
../../data\Actor_02\03-01-06-02-02-01-02.wav,03-01-06-02-02-01-02.wav,03,speech,06,fearful,strong,02,01,2,female
../../data\Actor_02\03-01-06-02-02-02-02.wav,03-01-06-02-02-02-02.wav,03,speech,06,fearful,strong,02,02,2,female
../../data\Actor_02\03-01-07-01-01-01-02.wav,03-01-07-01-01-01-02.wav,03,speech,07,disgust,normal,01,01,2,female
../../data\Actor_02\03-01-07-01-01-02-02.wav,03-01-07-01-01-02-02.wav,03,speech,07,disgust,normal,01,02,2,female
../../data\Actor_02\03-01-07-01-02-01-02.wav,03-01-07-01-02-01-02.wav,03,speech,07,disgust,normal,02,01,2,female
../../data\Actor_02\03-01-07-01-02-02-02.wav,03-01-07-01-02-02-02.wav,03,speech,07,disgust,normal,02,02,2,female
../../data\Actor_02\03-01-07-02-01-01-02.wav,03-01-07-02-01-01-02.wav,03,speech,07,disgust,strong,01,01,2,female
../../data\Actor_02\03-01-07-02-01-02-02.wav,03-01-07-02-01-02-02.wav,03,speech,07,disgust,strong,01,02,2,female
../../data\Actor_02\03-01-07-02-02-01-02.wav,03-01-07-02-02-01-02.wav,03,speech,07,disgust,strong,02,01,2,female
../../data\Actor_02\03-01-07-02-02-02-02.wav,03-01-07-02-02-02-02.wav,03,speech,07,disgust,strong,02,02,2,female
../../data\Actor_02\03-01-08-01-01-01-02.wav,03-01-08-01-01-01-02.wav,03,speech,08,surprised,normal,01,01,2,female
../../data\Actor_02\03-01-08-01-01-02-02.wav,03-01-08-01-01-02-02.wav,03,speech,08,surprised,normal,01,02,2,female
../../data\Actor_02\03-01-08-01-02-01-02.wav,03-01-08-01-02-01-02.wav,03,speech,08,surprised,normal,02,01,2,female
../../data\Actor_02\03-01-08-01-02-02-02.wav,03-01-08-01-02-02-02.wav,03,speech,08,surprised,normal,02,02,2,female
../../data\Actor_02\03-01-08-02-01-01-02.wav,03-01-08-02-01-01-02.wav,03,speech,08,surprised,strong,01,01,2,female
../../data\Actor_02\03-01-08-02-01-02-02.wav,03-01-08-02-01-02-02.wav,03,speech,08,surprised,strong,01,02,2,female
../../data\Actor_02\03-01-08-02-02-01-02.wav,03-01-08-02-02-01-02.wav,03,speech,08,surprised,strong,02,01,2,female
../../data\Actor_02\03-01-08-02-02-02-02.wav,03-01-08-02-02-02-02.wav,03,speech,08,surprised,strong,02,02,2,female
../../data\Actor_02\03-02-01-01-01-01-02.wav,03-02-01-01-01-01-02.wav,03,song,01,neutral,normal,01,01,2,female
../../data\Actor_02\03-02-01-01-01-02-02.wav,03-02-01-01-01-02-02.wav,03,song,01,neutral,normal,01,02,2,female
../../data\Actor_02\03-02-01-01-02-01-02.wav,03-02-01-01-02-01-02.wav,03,song,01,neutral,normal,02,01,2,female
../../data\Actor_02\03-02-01-01-02-02-02.wav,03-02-01-01-02-02-02.wav,03,song,01,neutral,normal,02,02,2,female
../../data\Actor_02\03-02-02-01-01-01-02.wav,03-02-02-01-01-01-02.wav,03,song,02,calm,normal,01,01,2,female
../../data\Actor_02\03-02-02-01-01-02-02.wav,03-02-02-01-01-02-02.wav,03,song,02,calm,normal,01,02,2,female
../../data\Actor_02\03-02-02-01-02-01-02.wav,03-02-02-01-02-01-02.wav,03,song,02,calm,normal,02,01,2,female
../../data\Actor_02\03-02-02-01-02-02-02.wav,03-02-02-01-02-02-02.wav,03,song,02,calm,normal,02,02,2,female
../../data\Actor_02\03-02-02-02-01-01-02.wav,03-02-02-02-01-01-02.wav,03,song,02,calm,strong,01,01,2,female
../../data\Actor_02\03-02-02-02-01-02-02.wav,03-02-02-02-01-02-02.wav,03,song,02,calm,strong,01,02,2,female
../../data\Actor_02\03-02-02-02-02-01-02.wav,03-02-02-02-02-01-02.wav,03,song,02,calm,strong,02,01,2,female
../../data\Actor_02\03-02-02-02-02-02-02.wav,03-02-02-02-02-02-02.wav,03,song,02,calm,strong,02,02,2,female
../../data\Actor_02\03-02-03-01-01-01-02.wav,03-02-03-01-01-01-02.wav,03,song,03,happy,normal,01,01,2,female
../../data\Actor_02\03-02-03-01-01-02-02.wav,03-02-03-01-01-02-02.wav,03,song,03,happy,normal,01,02,2,female
../../data\Actor_02\03-02-03-01-02-01-02.wav,03-02-03-01-02-01-02.wav,03,song,03,happy,normal,02,01,2,female
../../data\Actor_02\03-02-03-01-02-02-02.wav,03-02-03-01-02-02-02.wav,03,song,03,happy,normal,02,02,2,female
../../data\Actor_02\03-02-03-02-01-01-02.wav,03-02-03-02-01-01-02.wav,03,song,03,happy,strong,01,01,2,female
../../data\Actor_02\03-02-03-02-01-02-02.wav,03-02-03-02-01-02-02.wav,03,song,03,happy,strong,01,02,2,female
../../data\Actor_02\03-02-03-02-02-01-02.wav,03-02-03-02-02-01-02.wav,03,song,03,happy,strong,02,01,2,female
../../data\Actor_02\03-02-03-02-02-02-02.wav,03-02-03-02-02-02-02.wav,03,song,03,happy,strong,02,02,2,female
../../data\Actor_02\03-02-04-01-01-01-02.wav,03-02-04-01-01-01-02.wav,03,song,04,sad,normal,01,01,2,female
../../data\Actor_02\03-02-04-01-01-02-02.wav,03-02-04-01-01-02-02.wav,03,song,04,sad,normal,01,02,2,female
../../data\Actor_02\03-02-04-01-02-01-02.wav,03-02-04-01-02-01-02.wav,03,song,04,sad,normal,02,01,2,female
../../data\Actor_02\03-02-04-01-02-02-02.wav,03-02-04-01-02-02-02.wav,03,song,04,sad,normal,02,02,2,female
../../data\Actor_02\03-02-04-02-01-01-02.wav,03-02-04-02-01-01-02.wav,03,song,04,sad,strong,01,01,2,female
../../data\Actor_02\03-02-04-02-01-02-02.wav,03-02-04-02-01-02-02.wav,03,song,04,sad,strong,01,02,2,female
../../data\Actor_02\03-02-04-02-02-01-02.wav,03-02-04-02-02-01-02.wav,03,song,04,sad,strong,02,01,2,female
../../data\Actor_02\03-02-04-02-02-02-02.wav,03-02-04-02-02-02-02.wav,03,song,04,sad,strong,02,02,2,female
../../data\Actor_02\03-02-05-01-01-01-02.wav,03-02-05-01-01-01-02.wav,03,song,05,angry,normal,01,01,2,female
../../data\Actor_02\03-02-05-01-01-02-02.wav,03-02-05-01-01-02-02.wav,03,song,05,angry,normal,01,02,2,female
../../data\Actor_02\03-02-05-01-02-01-02.wav,03-02-05-01-02-01-02.wav,03,song,05,angry,normal,02,01,2,female
../../data\Actor_02\03-02-05-01-02-02-02.wav,03-02-05-01-02-02-02.wav,03,song,05,angry,normal,02,02,2,female
../../data\Actor_02\03-02-05-02-01-01-02.wav,03-02-05-02-01-01-02.wav,03,song,05,angry,strong,01,01,2,female
../../data\Actor_02\03-02-05-02-01-02-02.wav,03-02-05-02-01-02-02.wav,03,song,05,angry,strong,01,02,2,female
../../data\Actor_02\03-02-05-02-02-01-02.wav,03-02-05-02-02-01-02.wav,03,song,05,angry,strong,02,01,2,female
../../data\Actor_02\03-02-05-02-02-02-02.wav,03-02-05-02-02-02-02.wav,03,song,05,angry,strong,02,02,2,female
../../data\Actor_02\03-02-06-01-01-01-02.wav,03-02-06-01-01-01-02.wav,03,song,06,fearful,normal,01,01,2,female
../../data\Actor_02\03-02-06-01-01-02-02.wav,03-02-06-01-01-02-02.wav,03,song,06,fearful,normal,01,02,2,female
../../data\Actor_02\03-02-06-01-02-01-02.wav,03-02-06-01-02-01-02.wav,03,song,06,fearful,normal,02,01,2,female
../../data\Actor_02\03-02-06-01-02-02-02.wav,03-02-06-01-02-02-02.wav,03,song,06,fearful,normal,02,02,2,female
../../data\Actor_02\03-02-06-02-01-01-02.wav,03-02-06-02-01-01-02.wav,03,song,06,fearful,strong,01,01,2,female
../../data\Actor_02\03-02-06-02-01-02-02.wav,03-02-06-02-01-02-02.wav,03,song,06,fearful,strong,01,02,2,female
../../data\Actor_02\03-02-06-02-02-01-02.wav,03-02-06-02-02-01-02.wav,03,song,06,fearful,strong,02,01,2,female
../../data\Actor_02\03-02-06-02-02-02-02.wav,03-02-06-02-02-02-02.wav,03,song,06,fearful,strong,02,02,2,female
../../data\Actor_03\03-01-01-01-01-01-03.wav,03-01-01-01-01-01-03.wav,03,speech,01,neutral,normal,01,01,3,male
../../data\Actor_03\03-01-01-01-01-02-03.wav,03-01-01-01-01-02-03.wav,03,speech,01,neutral,normal,01,02,3,male
../../data\Actor_03\03-01-01-01-02-01-03.wav,03-01-01-01-02-01-03.wav,03,speech,01,neutral,normal,02,01,3,male
../../data\Actor_03\03-01-01-01-02-02-03.wav,03-01-01-01-02-02-03.wav,03,speech,01,neutral,normal,02,02,3,male
../../data\Actor_03\03-01-02-01-01-01-03.wav,03-01-02-01-01-01-03.wav,03,speech,02,calm,normal,01,01,3,male
../../data\Actor_03\03-01-02-01-01-02-03.wav,03-01-02-01-01-02-03.wav,03,speech,02,calm,normal,01,02,3,male
../../data\Actor_03\03-01-02-01-02-01-03.wav,03-01-02-01-02-01-03.wav,03,speech,02,calm,normal,02,01,3,male
../../data\Actor_03\03-01-02-01-02-02-03.wav,03-01-02-01-02-02-03.wav,03,speech,02,calm,normal,02,02,3,male
../../data\Actor_03\03-01-02-02-01-01-03.wav,03-01-02-02-01-01-03.wav,03,speech,02,calm,strong,01,01,3,male
../../data\Actor_03\03-01-02-02-01-02-03.wav,03-01-02-02-01-02-03.wav,03,speech,02,calm,strong,01,02,3,male
../../data\Actor_03\03-01-02-02-02-01-03.wav,03-01-02-02-02-01-03.wav,03,speech,02,calm,strong,02,01,3,male
../../data\Actor_03\03-01-02-02-02-02-03.wav,03-01-02-02-02-02-03.wav,03,speech,02,calm,strong,02,02,3,male
../../data\Actor_03\03-01-03-01-01-01-03.wav,03-01-03-01-01-01-03.wav,03,speech,03,happy,normal,01,01,3,male
../../data\Actor_03\03-01-03-01-01-02-03.wav,03-01-03-01-01-02-03.wav,03,speech,03,happy,normal,01,02,3,male
../../data\Actor_03\03-01-03-01-02-01-03.wav,03-01-03-01-02-01-03.wav,03,speech,03,happy,normal,02,01,3,male
../../data\Actor_03\03-01-03-01-02-02-03.wav,03-01-03-01-02-02-03.wav,03,speech,03,happy,normal,02,02,3,male
../../data\Actor_03\03-01-03-02-01-01-03.wav,03-01-03-02-01-01-03.wav,03,speech,03,happy,strong,01,01,3,male
../../data\Actor_03\03-01-03-02-01-02-03.wav,03-01-03-02-01-02-03.wav,03,speech,03,happy,strong,01,02,3,male
../../data\Actor_03\03-01-03-02-02-01-03.wav,03-01-03-02-02-01-03.wav,03,speech,03,happy,strong,02,01,3,male
../../data\Actor_03\03-01-03-02-02-02-03.wav,03-01-03-02-02-02-03.wav,03,speech,03,happy,strong,02,02,3,male
../../data\Actor_03\03-01-04-01-01-01-03.wav,03-01-04-01-01-01-03.wav,03,speech,04,sad,normal,01,01,3,male
../../data\Actor_03\03-01-04-01-01-02-03.wav,03-01-04-01-01-02-03.wav,03,speech,04,sad,normal,01,02,3,male
../../data\Actor_03\03-01-04-01-02-01-03.wav,03-01-04-01-02-01-03.wav,03,speech,04,sad,normal,02,01,3,male
../../data\Actor_03\03-01-04-01-02-02-03.wav,03-01-04-01-02-02-03.wav,03,speech,04,sad,normal,02,02,3,male
../../data\Actor_03\03-01-04-02-01-01-03.wav,03-01-04-02-01-01-03.wav,03,speech,04,sad,strong,01,01,3,male
../../data\Actor_03\03-01-04-02-01-02-03.wav,03-01-04-02-01-02-03.wav,03,speech,04,sad,strong,01,02,3,male
../../data\Actor_03\03-01-04-02-02-01-03.wav,03-01-04-02-02-01-03.wav,03,speech,04,sad,strong,02,01,3,male
../../data\Actor_03\03-01-04-02-02-02-03.wav,03-01-04-02-02-02-03.wav,03,speech,04,sad,strong,02,02,3,male
../../data\Actor_03\03-01-05-01-01-01-03.wav,03-01-05-01-01-01-03.wav,03,speech,05,angry,normal,01,01,3,male
../../data\Actor_03\03-01-05-01-01-02-03.wav,03-01-05-01-01-02-03.wav,03,speech,05,angry,normal,01,02,3,male
../../data\Actor_03\03-01-05-01-02-01-03.wav,03-01-05-01-02-01-03.wav,03,speech,05,angry,normal,02,01,3,male
../../data\Actor_03\03-01-05-01-02-02-03.wav,03-01-05-01-02-02-03.wav,03,speech,05,angry,normal,02,02,3,male
../../data\Actor_03\03-01-05-02-01-01-03.wav,03-01-05-02-01-01-03.wav,03,speech,05,angry,strong,01,01,3,male
../../data\Actor_03\03-01-05-02-01-02-03.wav,03-01-05-02-01-02-03.wav,03,speech,05,angry,strong,01,02,3,male
../../data\Actor_03\03-01-05-02-02-01-03.wav,03-01-05-02-02-01-03.wav,03,speech,05,angry,strong,02,01,3,male
../../data\Actor_03\03-01-05-02-02-02-03.wav,03-01-05-02-02-02-03.wav,03,speech,05,angry,strong,02,02,3,male
../../data\Actor_03\03-01-06-01-01-01-03.wav,03-01-06-01-01-01-03.wav,03,speech,06,fearful,normal,01,01,3,male
../../data\Actor_03\03-01-06-01-01-02-03.wav,03-01-06-01-01-02-03.wav,03,speech,06,fearful,normal,01,02,3,male
../../data\Actor_03\03-01-06-01-02-01-03.wav,03-01-06-01-02-01-03.wav,03,speech,06,fearful,normal,02,01,3,male
../../data\Actor_03\03-01-06-01-02-02-03.wav,03-01-06-01-02-02-03.wav,03,speech,06,fearful,normal,02,02,3,male
../../data\Actor_03\03-01-06-02-01-01-03.wav,03-01-06-02-01-01-03.wav,03,speech,06,fearful,strong,01,01,3,male
../../data\Actor_03\03-01-06-02-01-02-03.wav,03-01-06-02-01-02-03.wav,03,speech,06,fearful,strong,01,02,3,male
../../data\Actor_03\03-01-06-02-02-01-03.wav,03-01-06-02-02-01-03.wav,03,speech,06,fearful,strong,02,01,3,male
../../data\Actor_03\03-01-06-02-02-02-03.wav,03-01-06-02-02-02-03.wav,03,speech,06,fearful,strong,02,02,3,male
../../data\Actor_03\03-01-07-01-01-01-03.wav,03-01-07-01-01-01-03.wav,03,speech,07,disgust,normal,01,01,3,male
../../data\Actor_03\03-01-07-01-01-02-03.wav,03-01-07-01-01-02-03.wav,03,speech,07,disgust,normal,01,02,3,male
../../data\Actor_03\03-01-07-01-02-01-03.wav,03-01-07-01-02-01-03.wav,03,speech,07,disgust,normal,02,01,3,male
../../data\Actor_03\03-01-07-01-02-02-03.wav,03-01-07-01-02-02-03.wav,03,speech,07,disgust,normal,02,02,3,male
../../data\Actor_03\03-01-07-02-01-01-03.wav,03-01-07-02-01-01-03.wav,03,speech,07,disgust,strong,01,01,3,male
../../data\Actor_03\03-01-07-02-01-02-03.wav,03-01-07-02-01-02-03.wav,03,speech,07,disgust,strong,01,02,3,male
../../data\Actor_03\03-01-07-02-02-01-03.wav,03-01-07-02-02-01-03.wav,03,speech,07,disgust,strong,02,01,3,male
../../data\Actor_03\03-01-07-02-02-02-03.wav,03-01-07-02-02-02-03.wav,03,speech,07,disgust,strong,02,02,3,male
../../data\Actor_03\03-01-08-01-01-01-03.wav,03-01-08-01-01-01-03.wav,03,speech,08,surprised,normal,01,01,3,male
../../data\Actor_03\03-01-08-01-01-02-03.wav,03-01-08-01-01-02-03.wav,03,speech,08,surprised,normal,01,02,3,male
../../data\Actor_03\03-01-08-01-02-01-03.wav,03-01-08-01-02-01-03.wav,03,speech,08,surprised,normal,02,01,3,male
../../data\Actor_03\03-01-08-01-02-02-03.wav,03-01-08-01-02-02-03.wav,03,speech,08,surprised,normal,02,02,3,male
../../data\Actor_03\03-01-08-02-01-01-03.wav,03-01-08-02-01-01-03.wav,03,speech,08,surprised,strong,01,01,3,male
../../data\Actor_03\03-01-08-02-01-02-03.wav,03-01-08-02-01-02-03.wav,03,speech,08,surprised,strong,01,02,3,male
../../data\Actor_03\03-01-08-02-02-01-03.wav,03-01-08-02-02-01-03.wav,03,speech,08,surprised,strong,02,01,3,male
../../data\Actor_03\03-01-08-02-02-02-03.wav,03-01-08-02-02-02-03.wav,03,speech,08,surprised,strong,02,02,3,male
../../data\Actor_03\03-02-01-01-01-01-03.wav,03-02-01-01-01-01-03.wav,03,song,01,neutral,normal,01,01,3,male
../../data\Actor_03\03-02-01-01-01-02-03.wav,03-02-01-01-01-02-03.wav,03,song,01,neutral,normal,01,02,3,male
../../data\Actor_03\03-02-01-01-02-01-03.wav,03-02-01-01-02-01-03.wav,03,song,01,neutral,normal,02,01,3,male
../../data\Actor_03\03-02-01-01-02-02-03.wav,03-02-01-01-02-02-03.wav,03,song,01,neutral,normal,02,02,3,male
../../data\Actor_03\03-02-02-01-01-01-03.wav,03-02-02-01-01-01-03.wav,03,song,02,calm,normal,01,01,3,male
../../data\Actor_03\03-02-02-01-01-02-03.wav,03-02-02-01-01-02-03.wav,03,song,02,calm,normal,01,02,3,male
../../data\Actor_03\03-02-02-01-02-01-03.wav,03-02-02-01-02-01-03.wav,03,song,02,calm,normal,02,01,3,male
../../data\Actor_03\03-02-02-01-02-02-03.wav,03-02-02-01-02-02-03.wav,03,song,02,calm,normal,02,02,3,male
../../data\Actor_03\03-02-02-02-01-01-03.wav,03-02-02-02-01-01-03.wav,03,song,02,calm,strong,01,01,3,male
../../data\Actor_03\03-02-02-02-01-02-03.wav,03-02-02-02-01-02-03.wav,03,song,02,calm,strong,01,02,3,male
../../data\Actor_03\03-02-02-02-02-01-03.wav,03-02-02-02-02-01-03.wav,03,song,02,calm,strong,02,01,3,male
../../data\Actor_03\03-02-02-02-02-02-03.wav,03-02-02-02-02-02-03.wav,03,song,02,calm,strong,02,02,3,male
../../data\Actor_03\03-02-03-01-01-01-03.wav,03-02-03-01-01-01-03.wav,03,song,03,happy,normal,01,01,3,male
../../data\Actor_03\03-02-03-01-01-02-03.wav,03-02-03-01-01-02-03.wav,03,song,03,happy,normal,01,02,3,male
../../data\Actor_03\03-02-03-01-02-01-03.wav,03-02-03-01-02-01-03.wav,03,song,03,happy,normal,02,01,3,male
../../data\Actor_03\03-02-03-01-02-02-03.wav,03-02-03-01-02-02-03.wav,03,song,03,happy,normal,02,02,3,male
../../data\Actor_03\03-02-03-02-01-01-03.wav,03-02-03-02-01-01-03.wav,03,song,03,happy,strong,01,01,3,male
../../data\Actor_03\03-02-03-02-01-02-03.wav,03-02-03-02-01-02-03.wav,03,song,03,happy,strong,01,02,3,male
../../data\Actor_03\03-02-03-02-02-01-03.wav,03-02-03-02-02-01-03.wav,03,song,03,happy,strong,02,01,3,male
../../data\Actor_03\03-02-03-02-02-02-03.wav,03-02-03-02-02-02-03.wav,03,song,03,happy,strong,02,02,3,male
../../data\Actor_03\03-02-04-01-01-01-03.wav,03-02-04-01-01-01-03.wav,03,song,04,sad,normal,01,01,3,male
../../data\Actor_03\03-02-04-01-01-02-03.wav,03-02-04-01-01-02-03.wav,03,song,04,sad,normal,01,02,3,male
../../data\Actor_03\03-02-04-01-02-01-03.wav,03-02-04-01-02-01-03.wav,03,song,04,sad,normal,02,01,3,male
../../data\Actor_03\03-02-04-01-02-02-03.wav,03-02-04-01-02-02-03.wav,03,song,04,sad,normal,02,02,3,male
../../data\Actor_03\03-02-04-02-01-01-03.wav,03-02-04-02-01-01-03.wav,03,song,04,sad,strong,01,01,3,male
../../data\Actor_03\03-02-04-02-01-02-03.wav,03-02-04-02-01-02-03.wav,03,song,04,sad,strong,01,02,3,male
../../data\Actor_03\03-02-04-02-02-01-03.wav,03-02-04-02-02-01-03.wav,03,song,04,sad,strong,02,01,3,male
../../data\Actor_03\03-02-04-02-02-02-03.wav,03-02-04-02-02-02-03.wav,03,song,04,sad,strong,02,02,3,male
../../data\Actor_03\03-02-05-01-01-01-03.wav,03-02-05-01-01-01-03.wav,03,song,05,angry,normal,01,01,3,male
../../data\Actor_03\03-02-05-01-01-02-03.wav,03-02-05-01-01-02-03.wav,03,song,05,angry,normal,01,02,3,male
../../data\Actor_03\03-02-05-01-02-01-03.wav,03-02-05-01-02-01-03.wav,03,song,05,angry,normal,02,01,3,male
../../data\Actor_03\03-02-05-01-02-02-03.wav,03-02-05-01-02-02-03.wav,03,song,05,angry,normal,02,02,3,male
../../data\Actor_03\03-02-05-02-01-01-03.wav,03-02-05-02-01-01-03.wav,03,song,05,angry,strong,01,01,3,male
../../data\Actor_03\03-02-05-02-01-02-03.wav,03-02-05-02-01-02-03.wav,03,song,05,angry,strong,01,02,3,male
../../data\Actor_03\03-02-05-02-02-01-03.wav,03-02-05-02-02-01-03.wav,03,song,05,angry,strong,02,01,3,male
../../data\Actor_03\03-02-05-02-02-02-03.wav,03-02-05-02-02-02-03.wav,03,song,05,angry,strong,02,02,3,male
../../data\Actor_03\03-02-06-01-01-01-03.wav,03-02-06-01-01-01-03.wav,03,song,06,fearful,normal,01,01,3,male
../../data\Actor_03\03-02-06-01-01-02-03.wav,03-02-06-01-01-02-03.wav,03,song,06,fearful,normal,01,02,3,male
../../data\Actor_03\03-02-06-01-02-01-03.wav,03-02-06-01-02-01-03.wav,03,song,06,fearful,normal,02,01,3,male
../../data\Actor_03\03-02-06-01-02-02-03.wav,03-02-06-01-02-02-03.wav,03,song,06,fearful,normal,02,02,3,male
../../data\Actor_03\03-02-06-02-01-01-03.wav,03-02-06-02-01-01-03.wav,03,song,06,fearful,strong,01,01,3,male
../../data\Actor_03\03-02-06-02-01-02-03.wav,03-02-06-02-01-02-03.wav,03,song,06,fearful,strong,01,02,3,male
../../data\Actor_03\03-02-06-02-02-01-03.wav,03-02-06-02-02-01-03.wav,03,song,06,fearful,strong,02,01,3,male
../../data\Actor_03\03-02-06-02-02-02-03.wav,03-02-06-02-02-02-03.wav,03,song,06,fearful,strong,02,02,3,male
../../data\Actor_04\03-01-01-01-01-01-04.wav,03-01-01-01-01-01-04.wav,03,speech,01,neutral,normal,01,01,4,female
../../data\Actor_04\03-01-01-01-01-02-04.wav,03-01-01-01-01-02-04.wav,03,speech,01,neutral,normal,01,02,4,female
../../data\Actor_04\03-01-01-01-02-01-04.wav,03-01-01-01-02-01-04.wav,03,speech,01,neutral,normal,02,01,4,female
../../data\Actor_04\03-01-01-01-02-02-04.wav,03-01-01-01-02-02-04.wav,03,speech,01,neutral,normal,02,02,4,female
../../data\Actor_04\03-01-02-01-01-01-04.wav,03-01-02-01-01-01-04.wav,03,speech,02,calm,normal,01,01,4,female
../../data\Actor_04\03-01-02-01-01-02-04.wav,03-01-02-01-01-02-04.wav,03,speech,02,calm,normal,01,02,4,female
../../data\Actor_04\03-01-02-01-02-01-04.wav,03-01-02-01-02-01-04.wav,03,speech,02,calm,normal,02,01,4,female
../../data\Actor_04\03-01-02-01-02-02-04.wav,03-01-02-01-02-02-04.wav,03,speech,02,calm,normal,02,02,4,female
../../data\Actor_04\03-01-02-02-01-01-04.wav,03-01-02-02-01-01-04.wav,03,speech,02,calm,strong,01,01,4,female
../../data\Actor_04\03-01-02-02-01-02-04.wav,03-01-02-02-01-02-04.wav,03,speech,02,calm,strong,01,02,4,female
../../data\Actor_04\03-01-02-02-02-01-04.wav,03-01-02-02-02-01-04.wav,03,speech,02,calm,strong,02,01,4,female
../../data\Actor_04\03-01-02-02-02-02-04.wav,03-01-02-02-02-02-04.wav,03,speech,02,calm,strong,02,02,4,female
../../data\Actor_04\03-01-03-01-01-01-04.wav,03-01-03-01-01-01-04.wav,03,speech,03,happy,normal,01,01,4,female
../../data\Actor_04\03-01-03-01-01-02-04.wav,03-01-03-01-01-02-04.wav,03,speech,03,happy,normal,01,02,4,female
../../data\Actor_04\03-01-03-01-02-01-04.wav,03-01-03-01-02-01-04.wav,03,speech,03,happy,normal,02,01,4,female
../../data\Actor_04\03-01-03-01-02-02-04.wav,03-01-03-01-02-02-04.wav,03,speech,03,happy,normal,02,02,4,female
../../data\Actor_04\03-01-03-02-01-01-04.wav,03-01-03-02-01-01-04.wav,03,speech,03,happy,strong,01,01,4,female
../../data\Actor_04\03-01-03-02-01-02-04.wav,03-01-03-02-01-02-04.wav,03,speech,03,happy,strong,01,02,4,female
../../data\Actor_04\03-01-03-02-02-01-04.wav,03-01-03-02-02-01-04.wav,03,speech,03,happy,strong,02,01,4,female
../../data\Actor_04\03-01-03-02-02-02-04.wav,03-01-03-02-02-02-04.wav,03,speech,03,happy,strong,02,02,4,female
../../data\Actor_04\03-01-04-01-01-01-04.wav,03-01-04-01-01-01-04.wav,03,speech,04,sad,normal,01,01,4,female
../../data\Actor_04\03-01-04-01-01-02-04.wav,03-01-04-01-01-02-04.wav,03,speech,04,sad,normal,01,02,4,female
../../data\Actor_04\03-01-04-01-02-01-04.wav,03-01-04-01-02-01-04.wav,03,speech,04,sad,normal,02,01,4,female
../../data\Actor_04\03-01-04-01-02-02-04.wav,03-01-04-01-02-02-04.wav,03,speech,04,sad,normal,02,02,4,female
../../data\Actor_04\03-01-04-02-01-01-04.wav,03-01-04-02-01-01-04.wav,03,speech,04,sad,strong,01,01,4,female
../../data\Actor_04\03-01-04-02-01-02-04.wav,03-01-04-02-01-02-04.wav,03,speech,04,sad,strong,01,02,4,female
../../data\Actor_04\03-01-04-02-02-01-04.wav,03-01-04-02-02-01-04.wav,03,speech,04,sad,strong,02,01,4,female
../../data\Actor_04\03-01-04-02-02-02-04.wav,03-01-04-02-02-02-04.wav,03,speech,04,sad,strong,02,02,4,female
../../data\Actor_04\03-01-05-01-01-01-04.wav,03-01-05-01-01-01-04.wav,03,speech,05,angry,normal,01,01,4,female
../../data\Actor_04\03-01-05-01-01-02-04.wav,03-01-05-01-01-02-04.wav,03,speech,05,angry,normal,01,02,4,female
../../data\Actor_04\03-01-05-01-02-01-04.wav,03-01-05-01-02-01-04.wav,03,speech,05,angry,normal,02,01,4,female
../../data\Actor_04\03-01-05-01-02-02-04.wav,03-01-05-01-02-02-04.wav,03,speech,05,angry,normal,02,02,4,female
../../data\Actor_04\03-01-05-02-01-01-04.wav,03-01-05-02-01-01-04.wav,03,speech,05,angry,strong,01,01,4,female
../../data\Actor_04\03-01-05-02-01-02-04.wav,03-01-05-02-01-02-04.wav,03,speech,05,angry,strong,01,02,4,female
../../data\Actor_04\03-01-05-02-02-01-04.wav,03-01-05-02-02-01-04.wav,03,speech,05,angry,strong,02,01,4,female
../../data\Actor_04\03-01-05-02-02-02-04.wav,03-01-05-02-02-02-04.wav,03,speech,05,angry,strong,02,02,4,female
../../data\Actor_04\03-01-06-01-01-01-04.wav,03-01-06-01-01-01-04.wav,03,speech,06,fearful,normal,01,01,4,female
../../data\Actor_04\03-01-06-01-01-02-04.wav,03-01-06-01-01-02-04.wav,03,speech,06,fearful,normal,01,02,4,female
../../data\Actor_04\03-01-06-01-02-01-04.wav,03-01-06-01-02-01-04.wav,03,speech,06,fearful,normal,02,01,4,female
../../data\Actor_04\03-01-06-01-02-02-04.wav,03-01-06-01-02-02-04.wav,03,speech,06,fearful,normal,02,02,4,female
../../data\Actor_04\03-01-06-02-01-01-04.wav,03-01-06-02-01-01-04.wav,03,speech,06,fearful,strong,01,01,4,female
../../data\Actor_04\03-01-06-02-01-02-04.wav,03-01-06-02-01-02-04.wav,03,speech,06,fearful,strong,01,02,4,female
../../data\Actor_04\03-01-06-02-02-01-04.wav,03-01-06-02-02-01-04.wav,03,speech,06,fearful,strong,02,01,4,female
../../data\Actor_04\03-01-06-02-02-02-04.wav,03-01-06-02-02-02-04.wav,03,speech,06,fearful,strong,02,02,4,female
../../data\Actor_04\03-01-07-01-01-01-04.wav,03-01-07-01-01-01-04.wav,03,speech,07,disgust,normal,01,01,4,female
../../data\Actor_04\03-01-07-01-01-02-04.wav,03-01-07-01-01-02-04.wav,03,speech,07,disgust,normal,01,02,4,female
../../data\Actor_04\03-01-07-01-02-01-04.wav,03-01-07-01-02-01-04.wav,03,speech,07,disgust,normal,02,01,4,female
../../data\Actor_04\03-01-07-01-02-02-04.wav,03-01-07-01-02-02-04.wav,03,speech,07,disgust,normal,02,02,4,female
../../data\Actor_04\03-01-07-02-01-01-04.wav,03-01-07-02-01-01-04.wav,03,speech,07,disgust,strong,01,01,4,female
../../data\Actor_04\03-01-07-02-01-02-04.wav,03-01-07-02-01-02-04.wav,03,speech,07,disgust,strong,01,02,4,female
../../data\Actor_04\03-01-07-02-02-01-04.wav,03-01-07-02-02-01-04.wav,03,speech,07,disgust,strong,02,01,4,female
../../data\Actor_04\03-01-07-02-02-02-04.wav,03-01-07-02-02-02-04.wav,03,speech,07,disgust,strong,02,02,4,female
../../data\Actor_04\03-01-08-01-01-01-04.wav,03-01-08-01-01-01-04.wav,03,speech,08,surprised,normal,01,01,4,female
../../data\Actor_04\03-01-08-01-01-02-04.wav,03-01-08-01-01-02-04.wav,03,speech,08,surprised,normal,01,02,4,female
../../data\Actor_04\03-01-08-01-02-01-04.wav,03-01-08-01-02-01-04.wav,03,speech,08,surprised,normal,02,01,4,female
../../data\Actor_04\03-01-08-01-02-02-04.wav,03-01-08-01-02-02-04.wav,03,speech,08,surprised,normal,02,02,4,female
../../data\Actor_04\03-01-08-02-01-01-04.wav,03-01-08-02-01-01-04.wav,03,speech,08,surprised,strong,01,01,4,female
../../data\Actor_04\03-01-08-02-01-02-04.wav,03-01-08-02-01-02-04.wav,03,speech,08,surprised,strong,01,02,4,female
../../data\Actor_04\03-01-08-02-02-01-04.wav,03-01-08-02-02-01-04.wav,03,speech,08,surprised,strong,02,01,4,female
../../data\Actor_04\03-01-08-02-02-02-04.wav,03-01-08-02-02-02-04.wav,03,speech,08,surprised,strong,02,02,4,female
../../data\Actor_04\03-02-01-01-01-01-04.wav,03-02-01-01-01-01-04.wav,03,song,01,neutral,normal,01,01,4,female
../../data\Actor_04\03-02-01-01-01-02-04.wav,03-02-01-01-01-02-04.wav,03,song,01,neutral,normal,01,02,4,female
../../data\Actor_04\03-02-01-01-02-01-04.wav,03-02-01-01-02-01-04.wav,03,song,01,neutral,normal,02,01,4,female
../../data\Actor_04\03-02-01-01-02-02-04.wav,03-02-01-01-02-02-04.wav,03,song,01,neutral,normal,02,02,4,female
../../data\Actor_04\03-02-02-01-01-01-04.wav,03-02-02-01-01-01-04.wav,03,song,02,calm,normal,01,01,4,female
../../data\Actor_04\03-02-02-01-01-02-04.wav,03-02-02-01-01-02-04.wav,03,song,02,calm,normal,01,02,4,female
../../data\Actor_04\03-02-02-01-02-01-04.wav,03-02-02-01-02-01-04.wav,03,song,02,calm,normal,02,01,4,female
../../data\Actor_04\03-02-02-01-02-02-04.wav,03-02-02-01-02-02-04.wav,03,song,02,calm,normal,02,02,4,female
../../data\Actor_04\03-02-02-02-01-01-04.wav,03-02-02-02-01-01-04.wav,03,song,02,calm,strong,01,01,4,female
../../data\Actor_04\03-02-02-02-01-02-04.wav,03-02-02-02-01-02-04.wav,03,song,02,calm,strong,01,02,4,female
../../data\Actor_04\03-02-02-02-02-01-04.wav,03-02-02-02-02-01-04.wav,03,song,02,calm,strong,02,01,4,female
../../data\Actor_04\03-02-02-02-02-02-04.wav,03-02-02-02-02-02-04.wav,03,song,02,calm,strong,02,02,4,female
../../data\Actor_04\03-02-03-01-01-01-04.wav,03-02-03-01-01-01-04.wav,03,song,03,happy,normal,01,01,4,female
../../data\Actor_04\03-02-03-01-01-02-04.wav,03-02-03-01-01-02-04.wav,03,song,03,happy,normal,01,02,4,female
../../data\Actor_04\03-02-03-01-02-01-04.wav,03-02-03-01-02-01-04.wav,03,song,03,happy,normal,02,01,4,female
../../data\Actor_04\03-02-03-01-02-02-04.wav,03-02-03-01-02-02-04.wav,03,song,03,happy,normal,02,02,4,female
../../data\Actor_04\03-02-03-02-01-01-04.wav,03-02-03-02-01-01-04.wav,03,song,03,happy,strong,01,01,4,female
../../data\Actor_04\03-02-03-02-01-02-04.wav,03-02-03-02-01-02-04.wav,03,song,03,happy,strong,01,02,4,female
../../data\Actor_04\03-02-03-02-02-01-04.wav,03-02-03-02-02-01-04.wav,03,song,03,happy,strong,02,01,4,female
../../data\Actor_04\03-02-03-02-02-02-04.wav,03-02-03-02-02-02-04.wav,03,song,03,happy,strong,02,02,4,female
../../data\Actor_04\03-02-04-01-01-01-04.wav,03-02-04-01-01-01-04.wav,03,song,04,sad,normal,01,01,4,female
../../data\Actor_04\03-02-04-01-01-02-04.wav,03-02-04-01-01-02-04.wav,03,song,04,sad,normal,01,02,4,female
../../data\Actor_04\03-02-04-01-02-01-04.wav,03-02-04-01-02-01-04.wav,03,song,04,sad,normal,02,01,4,female
../../data\Actor_04\03-02-04-01-02-02-04.wav,03-02-04-01-02-02-04.wav,03,song,04,sad,normal,02,02,4,female
../../data\Actor_04\03-02-04-02-01-01-04.wav,03-02-04-02-01-01-04.wav,03,song,04,sad,strong,01,01,4,female
../../data\Actor_04\03-02-04-02-01-02-04.wav,03-02-04-02-01-02-04.wav,03,song,04,sad,strong,01,02,4,female
../../data\Actor_04\03-02-04-02-02-01-04.wav,03-02-04-02-02-01-04.wav,03,song,04,sad,strong,02,01,4,female
../../data\Actor_04\03-02-04-02-02-02-04.wav,03-02-04-02-02-02-04.wav,03,song,04,sad,strong,02,02,4,female
../../data\Actor_04\03-02-05-01-01-01-04.wav,03-02-05-01-01-01-04.wav,03,song,05,angry,normal,01,01,4,female
../../data\Actor_04\03-02-05-01-01-02-04.wav,03-02-05-01-01-02-04.wav,03,song,05,angry,normal,01,02,4,female
../../data\Actor_04\03-02-05-01-02-01-04.wav,03-02-05-01-02-01-04.wav,03,song,05,angry,normal,02,01,4,female
../../data\Actor_04\03-02-05-01-02-02-04.wav,03-02-05-01-02-02-04.wav,03,song,05,angry,normal,02,02,4,female
../../data\Actor_04\03-02-05-02-01-01-04.wav,03-02-05-02-01-01-04.wav,03,song,05,angry,strong,01,01,4,female
../../data\Actor_04\03-02-05-02-01-02-04.wav,03-02-05-02-01-02-04.wav,03,song,05,angry,strong,01,02,4,female
../../data\Actor_04\03-02-05-02-02-01-04.wav,03-02-05-02-02-01-04.wav,03,song,05,angry,strong,02,01,4,female
../../data\Actor_04\03-02-05-02-02-02-04.wav,03-02-05-02-02-02-04.wav,03,song,05,angry,strong,02,02,4,female
../../data\Actor_04\03-02-06-01-01-01-04.wav,03-02-06-01-01-01-04.wav,03,song,06,fearful,normal,01,01,4,female
../../data\Actor_04\03-02-06-01-01-02-04.wav,03-02-06-01-01-02-04.wav,03,song,06,fearful,normal,01,02,4,female
../../data\Actor_04\03-02-06-01-02-01-04.wav,03-02-06-01-02-01-04.wav,03,song,06,fearful,normal,02,01,4,female
../../data\Actor_04\03-02-06-01-02-02-04.wav,03-02-06-01-02-02-04.wav,03,song,06,fearful,normal,02,02,4,female
../../data\Actor_04\03-02-06-02-01-01-04.wav,03-02-06-02-01-01-04.wav,03,song,06,fearful,strong,01,01,4,female
../../data\Actor_04\03-02-06-02-01-02-04.wav,03-02-06-02-01-02-04.wav,03,song,06,fearful,strong,01,02,4,female
../../data\Actor_04\03-02-06-02-02-01-04.wav,03-02-06-02-02-01-04.wav,03,song,06,fearful,strong,02,01,4,female
../../data\Actor_04\03-02-06-02-02-02-04.wav,03-02-06-02-02-02-04.wav,03,song,06,fearful,strong,02,02,4,female
../../data\Actor_05\03-01-01-01-01-01-05.wav,03-01-01-01-01-01-05.wav,03,speech,01,neutral,normal,01,01,5,male
../../data\Actor_05\03-01-01-01-01-02-05.wav,03-01-01-01-01-02-05.wav,03,speech,01,neutral,normal,01,02,5,male
../../data\Actor_05\03-01-01-01-02-01-05.wav,03-01-01-01-02-01-05.wav,03,speech,01,neutral,normal,02,01,5,male
../../data\Actor_05\03-01-01-01-02-02-05.wav,03-01-01-01-02-02-05.wav,03,speech,01,neutral,normal,02,02,5,male
../../data\Actor_05\03-01-02-01-01-01-05.wav,03-01-02-01-01-01-05.wav,03,speech,02,calm,normal,01,01,5,male
../../data\Actor_05\03-01-02-01-01-02-05.wav,03-01-02-01-01-02-05.wav,03,speech,02,calm,normal,01,02,5,male
../../data\Actor_05\03-01-02-01-02-01-05.wav,03-01-02-01-02-01-05.wav,03,speech,02,calm,normal,02,01,5,male
../../data\Actor_05\03-01-02-01-02-02-05.wav,03-01-02-01-02-02-05.wav,03,speech,02,calm,normal,02,02,5,male
../../data\Actor_05\03-01-02-02-01-01-05.wav,03-01-02-02-01-01-05.wav,03,speech,02,calm,strong,01,01,5,male
../../data\Actor_05\03-01-02-02-01-02-05.wav,03-01-02-02-01-02-05.wav,03,speech,02,calm,strong,01,02,5,male
../../data\Actor_05\03-01-02-02-02-01-05.wav,03-01-02-02-02-01-05.wav,03,speech,02,calm,strong,02,01,5,male
../../data\Actor_05\03-01-02-02-02-02-05.wav,03-01-02-02-02-02-05.wav,03,speech,02,calm,strong,02,02,5,male
../../data\Actor_05\03-01-03-01-01-01-05.wav,03-01-03-01-01-01-05.wav,03,speech,03,happy,normal,01,01,5,male
../../data\Actor_05\03-01-03-01-01-02-05.wav,03-01-03-01-01-02-05.wav,03,speech,03,happy,normal,01,02,5,male
../../data\Actor_05\03-01-03-01-02-01-05.wav,03-01-03-01-02-01-05.wav,03,speech,03,happy,normal,02,01,5,male
../../data\Actor_05\03-01-03-01-02-02-05.wav,03-01-03-01-02-02-05.wav,03,speech,03,happy,normal,02,02,5,male
../../data\Actor_05\03-01-03-02-01-01-05.wav,03-01-03-02-01-01-05.wav,03,speech,03,happy,strong,01,01,5,male
../../data\Actor_05\03-01-03-02-01-02-05.wav,03-01-03-02-01-02-05.wav,03,speech,03,happy,strong,01,02,5,male
../../data\Actor_05\03-01-03-02-02-01-05.wav,03-01-03-02-02-01-05.wav,03,speech,03,happy,strong,02,01,5,male
../../data\Actor_05\03-01-03-02-02-02-05.wav,03-01-03-02-02-02-05.wav,03,speech,03,happy,strong,02,02,5,male
../../data\Actor_05\03-01-04-01-01-01-05.wav,03-01-04-01-01-01-05.wav,03,speech,04,sad,normal,01,01,5,male
../../data\Actor_05\03-01-04-01-01-02-05.wav,03-01-04-01-01-02-05.wav,03,speech,04,sad,normal,01,02,5,male
../../data\Actor_05\03-01-04-01-02-01-05.wav,03-01-04-01-02-01-05.wav,03,speech,04,sad,normal,02,01,5,male
../../data\Actor_05\03-01-04-01-02-02-05.wav,03-01-04-01-02-02-05.wav,03,speech,04,sad,normal,02,02,5,male
../../data\Actor_05\03-01-04-02-01-01-05.wav,03-01-04-02-01-01-05.wav,03,speech,04,sad,strong,01,01,5,male
../../data\Actor_05\03-01-04-02-01-02-05.wav,03-01-04-02-01-02-05.wav,03,speech,04,sad,strong,01,02,5,male
../../data\Actor_05\03-01-04-02-02-01-05.wav,03-01-04-02-02-01-05.wav,03,speech,04,sad,strong,02,01,5,male
../../data\Actor_05\03-01-04-02-02-02-05.wav,03-01-04-02-02-02-05.wav,03,speech,04,sad,strong,02,02,5,male
../../data\Actor_05\03-01-05-01-01-01-05.wav,03-01-05-01-01-01-05.wav,03,speech,05,angry,normal,01,01,5,male
../../data\Actor_05\03-01-05-01-01-02-05.wav,03-01-05-01-01-02-05.wav,03,speech,05,angry,normal,01,02,5,male
../../data\Actor_05\03-01-05-01-02-01-05.wav,03-01-05-01-02-01-05.wav,03,speech,05,angry,normal,02,01,5,male
../../data\Actor_05\03-01-05-01-02-02-05.wav,03-01-05-01-02-02-05.wav,03,speech,05,angry,normal,02,02,5,male
../../data\Actor_05\03-01-05-02-01-01-05.wav,03-01-05-02-01-01-05.wav,03,speech,05,angry,strong,01,01,5,male
../../data\Actor_05\03-01-05-02-01-02-05.wav,03-01-05-02-01-02-05.wav,03,speech,05,angry,strong,01,02,5,male
../../data\Actor_05\03-01-05-02-02-01-05.wav,03-01-05-02-02-01-05.wav,03,speech,05,angry,strong,02,01,5,male
../../data\Actor_05\03-01-05-02-02-02-05.wav,03-01-05-02-02-02-05.wav,03,speech,05,angry,strong,02,02,5,male
../../data\Actor_05\03-01-06-01-01-01-05.wav,03-01-06-01-01-01-05.wav,03,speech,06,fearful,normal,01,01,5,male
../../data\Actor_05\03-01-06-01-01-02-05.wav,03-01-06-01-01-02-05.wav,03,speech,06,fearful,normal,01,02,5,male
../../data\Actor_05\03-01-06-01-02-01-05.wav,03-01-06-01-02-01-05.wav,03,speech,06,fearful,normal,02,01,5,male
../../data\Actor_05\03-01-06-01-02-02-05.wav,03-01-06-01-02-02-05.wav,03,speech,06,fearful,normal,02,02,5,male
../../data\Actor_05\03-01-06-02-01-01-05.wav,03-01-06-02-01-01-05.wav,03,speech,06,fearful,strong,01,01,5,male
../../data\Actor_05\03-01-06-02-01-02-05.wav,03-01-06-02-01-02-05.wav,03,speech,06,fearful,strong,01,02,5,male
../../data\Actor_05\03-01-06-02-02-01-05.wav,03-01-06-02-02-01-05.wav,03,speech,06,fearful,strong,02,01,5,male
../../data\Actor_05\03-01-06-02-02-02-05.wav,03-01-06-02-02-02-05.wav,03,speech,06,fearful,strong,02,02,5,male
../../data\Actor_05\03-01-07-01-01-01-05.wav,03-01-07-01-01-01-05.wav,03,speech,07,disgust,normal,01,01,5,male
../../data\Actor_05\03-01-07-01-01-02-05.wav,03-01-07-01-01-02-05.wav,03,speech,07,disgust,normal,01,02,5,male
../../data\Actor_05\03-01-07-01-02-01-05.wav,03-01-07-01-02-01-05.wav,03,speech,07,disgust,normal,02,01,5,male
../../data\Actor_05\03-01-07-01-02-02-05.wav,03-01-07-01-02-02-05.wav,03,speech,07,disgust,normal,02,02,5,male
../../data\Actor_05\03-01-07-02-01-01-05.wav,03-01-07-02-01-01-05.wav,03,speech,07,disgust,strong,01,01,5,male
../../data\Actor_05\03-01-07-02-01-02-05.wav,03-01-07-02-01-02-05.wav,03,speech,07,disgust,strong,01,02,5,male
../../data\Actor_05\03-01-07-02-02-01-05.wav,03-01-07-02-02-01-05.wav,03,speech,07,disgust,strong,02,01,5,male
../../data\Actor_05\03-01-07-02-02-02-05.wav,03-01-07-02-02-02-05.wav,03,speech,07,disgust,strong,02,02,5,male
../../data\Actor_05\03-01-08-01-01-01-05.wav,03-01-08-01-01-01-05.wav,03,speech,08,surprised,normal,01,01,5,male
../../data\Actor_05\03-01-08-01-01-02-05.wav,03-01-08-01-01-02-05.wav,03,speech,08,surprised,normal,01,02,5,male
../../data\Actor_05\03-01-08-01-02-01-05.wav,03-01-08-01-02-01-05.wav,03,speech,08,surprised,normal,02,01,5,male
../../data\Actor_05\03-01-08-01-02-02-05.wav,03-01-08-01-02-02-05.wav,03,speech,08,surprised,normal,02,02,5,male
../../data\Actor_05\03-01-08-02-01-01-05.wav,03-01-08-02-01-01-05.wav,03,speech,08,surprised,strong,01,01,5,male
../../data\Actor_05\03-01-08-02-01-02-05.wav,03-01-08-02-01-02-05.wav,03,speech,08,surprised,strong,01,02,5,male
../../data\Actor_05\03-01-08-02-02-01-05.wav,03-01-08-02-02-01-05.wav,03,speech,08,surprised,strong,02,01,5,male
../../data\Actor_05\03-01-08-02-02-02-05.wav,03-01-08-02-02-02-05.wav,03,speech,08,surprised,strong,02,02,5,male
../../data\Actor_05\03-02-01-01-01-01-05.wav,03-02-01-01-01-01-05.wav,03,song,01,neutral,normal,01,01,5,male
../../data\Actor_05\03-02-01-01-01-02-05.wav,03-02-01-01-01-02-05.wav,03,song,01,neutral,normal,01,02,5,male
../../data\Actor_05\03-02-01-01-02-01-05.wav,03-02-01-01-02-01-05.wav,03,song,01,neutral,normal,02,01,5,male
../../data\Actor_05\03-02-01-01-02-02-05.wav,03-02-01-01-02-02-05.wav,03,song,01,neutral,normal,02,02,5,male
../../data\Actor_05\03-02-02-01-01-01-05.wav,03-02-02-01-01-01-05.wav,03,song,02,calm,normal,01,01,5,male
../../data\Actor_05\03-02-02-01-01-02-05.wav,03-02-02-01-01-02-05.wav,03,song,02,calm,normal,01,02,5,male
../../data\Actor_05\03-02-02-01-02-01-05.wav,03-02-02-01-02-01-05.wav,03,song,02,calm,normal,02,01,5,male
../../data\Actor_05\03-02-02-01-02-02-05.wav,03-02-02-01-02-02-05.wav,03,song,02,calm,normal,02,02,5,male
../../data\Actor_05\03-02-02-02-01-01-05.wav,03-02-02-02-01-01-05.wav,03,song,02,calm,strong,01,01,5,male
../../data\Actor_05\03-02-02-02-01-02-05.wav,03-02-02-02-01-02-05.wav,03,song,02,calm,strong,01,02,5,male
../../data\Actor_05\03-02-02-02-02-01-05.wav,03-02-02-02-02-01-05.wav,03,song,02,calm,strong,02,01,5,male
../../data\Actor_05\03-02-02-02-02-02-05.wav,03-02-02-02-02-02-05.wav,03,song,02,calm,strong,02,02,5,male
../../data\Actor_05\03-02-03-01-01-01-05.wav,03-02-03-01-01-01-05.wav,03,song,03,happy,normal,01,01,5,male
../../data\Actor_05\03-02-03-01-01-02-05.wav,03-02-03-01-01-02-05.wav,03,song,03,happy,normal,01,02,5,male
../../data\Actor_05\03-02-03-01-02-01-05.wav,03-02-03-01-02-01-05.wav,03,song,03,happy,normal,02,01,5,male
../../data\Actor_05\03-02-03-01-02-02-05.wav,03-02-03-01-02-02-05.wav,03,song,03,happy,normal,02,02,5,male
../../data\Actor_05\03-02-03-02-01-01-05.wav,03-02-03-02-01-01-05.wav,03,song,03,happy,strong,01,01,5,male
../../data\Actor_05\03-02-03-02-01-02-05.wav,03-02-03-02-01-02-05.wav,03,song,03,happy,strong,01,02,5,male
../../data\Actor_05\03-02-03-02-02-01-05.wav,03-02-03-02-02-01-05.wav,03,song,03,happy,strong,02,01,5,male
../../data\Actor_05\03-02-03-02-02-02-05.wav,03-02-03-02-02-02-05.wav,03,song,03,happy,strong,02,02,5,male
../../data\Actor_05\03-02-04-01-01-01-05.wav,03-02-04-01-01-01-05.wav,03,song,04,sad,normal,01,01,5,male
../../data\Actor_05\03-02-04-01-01-02-05.wav,03-02-04-01-01-02-05.wav,03,song,04,sad,normal,01,02,5,male
../../data\Actor_05\03-02-04-01-02-01-05.wav,03-02-04-01-02-01-05.wav,03,song,04,sad,normal,02,01,5,male
../../data\Actor_05\03-02-04-01-02-02-05.wav,03-02-04-01-02-02-05.wav,03,song,04,sad,normal,02,02,5,male
../../data\Actor_05\03-02-04-02-01-01-05.wav,03-02-04-02-01-01-05.wav,03,song,04,sad,strong,01,01,5,male
../../data\Actor_05\03-02-04-02-01-02-05.wav,03-02-04-02-01-02-05.wav,03,song,04,sad,strong,01,02,5,male
../../data\Actor_05\03-02-04-02-02-01-05.wav,03-02-04-02-02-01-05.wav,03,song,04,sad,strong,02,01,5,male
../../data\Actor_05\03-02-04-02-02-02-05.wav,03-02-04-02-02-02-05.wav,03,song,04,sad,strong,02,02,5,male
../../data\Actor_05\03-02-05-01-01-01-05.wav,03-02-05-01-01-01-05.wav,03,song,05,angry,normal,01,01,5,male
../../data\Actor_05\03-02-05-01-01-02-05.wav,03-02-05-01-01-02-05.wav,03,song,05,angry,normal,01,02,5,male
../../data\Actor_05\03-02-05-01-02-01-05.wav,03-02-05-01-02-01-05.wav,03,song,05,angry,normal,02,01,5,male
../../data\Actor_05\03-02-05-01-02-02-05.wav,03-02-05-01-02-02-05.wav,03,song,05,angry,normal,02,02,5,male
../../data\Actor_05\03-02-05-02-01-01-05.wav,03-02-05-02-01-01-05.wav,03,song,05,angry,strong,01,01,5,male
../../data\Actor_05\03-02-05-02-01-02-05.wav,03-02-05-02-01-02-05.wav,03,song,05,angry,strong,01,02,5,male
../../data\Actor_05\03-02-05-02-02-01-05.wav,03-02-05-02-02-01-05.wav,03,song,05,angry,strong,02,01,5,male
../../data\Actor_05\03-02-05-02-02-02-05.wav,03-02-05-02-02-02-05.wav,03,song,05,angry,strong,02,02,5,male
../../data\Actor_05\03-02-06-01-01-01-05.wav,03-02-06-01-01-01-05.wav,03,song,06,fearful,normal,01,01,5,male
../../data\Actor_05\03-02-06-01-01-02-05.wav,03-02-06-01-01-02-05.wav,03,song,06,fearful,normal,01,02,5,male
../../data\Actor_05\03-02-06-01-02-01-05.wav,03-02-06-01-02-01-05.wav,03,song,06,fearful,normal,02,01,5,male
../../data\Actor_05\03-02-06-01-02-02-05.wav,03-02-06-01-02-02-05.wav,03,song,06,fearful,normal,02,02,5,male
../../data\Actor_05\03-02-06-02-01-01-05.wav,03-02-06-02-01-01-05.wav,03,song,06,fearful,strong,01,01,5,male
../../data\Actor_05\03-02-06-02-01-02-05.wav,03-02-06-02-01-02-05.wav,03,song,06,fearful,strong,01,02,5,male
../../data\Actor_05\03-02-06-02-02-01-05.wav,03-02-06-02-02-01-05.wav,03,song,06,fearful,strong,02,01,5,male
../../data\Actor_05\03-02-06-02-02-02-05.wav,03-02-06-02-02-02-05.wav,03,song,06,fearful,strong,02,02,5,male
../../data\Actor_06\03-01-01-01-01-01-06.wav,03-01-01-01-01-01-06.wav,03,speech,01,neutral,normal,01,01,6,female
../../data\Actor_06\03-01-01-01-01-02-06.wav,03-01-01-01-01-02-06.wav,03,speech,01,neutral,normal,01,02,6,female
../../data\Actor_06\03-01-01-01-02-01-06.wav,03-01-01-01-02-01-06.wav,03,speech,01,neutral,normal,02,01,6,female
../../data\Actor_06\03-01-01-01-02-02-06.wav,03-01-01-01-02-02-06.wav,03,speech,01,neutral,normal,02,02,6,female
../../data\Actor_06\03-01-02-01-01-01-06.wav,03-01-02-01-01-01-06.wav,03,speech,02,calm,normal,01,01,6,female
../../data\Actor_06\03-01-02-01-01-02-06.wav,03-01-02-01-01-02-06.wav,03,speech,02,calm,normal,01,02,6,female
../../data\Actor_06\03-01-02-01-02-01-06.wav,03-01-02-01-02-01-06.wav,03,speech,02,calm,normal,02,01,6,female
../../data\Actor_06\03-01-02-01-02-02-06.wav,03-01-02-01-02-02-06.wav,03,speech,02,calm,normal,02,02,6,female
../../data\Actor_06\03-01-02-02-01-01-06.wav,03-01-02-02-01-01-06.wav,03,speech,02,calm,strong,01,01,6,female
../../data\Actor_06\03-01-02-02-01-02-06.wav,03-01-02-02-01-02-06.wav,03,speech,02,calm,strong,01,02,6,female
../../data\Actor_06\03-01-02-02-02-01-06.wav,03-01-02-02-02-01-06.wav,03,speech,02,calm,strong,02,01,6,female
../../data\Actor_06\03-01-02-02-02-02-06.wav,03-01-02-02-02-02-06.wav,03,speech,02,calm,strong,02,02,6,female
../../data\Actor_06\03-01-03-01-01-01-06.wav,03-01-03-01-01-01-06.wav,03,speech,03,happy,normal,01,01,6,female
../../data\Actor_06\03-01-03-01-01-02-06.wav,03-01-03-01-01-02-06.wav,03,speech,03,happy,normal,01,02,6,female
../../data\Actor_06\03-01-03-01-02-01-06.wav,03-01-03-01-02-01-06.wav,03,speech,03,happy,normal,02,01,6,female
../../data\Actor_06\03-01-03-01-02-02-06.wav,03-01-03-01-02-02-06.wav,03,speech,03,happy,normal,02,02,6,female
../../data\Actor_06\03-01-03-02-01-01-06.wav,03-01-03-02-01-01-06.wav,03,speech,03,happy,strong,01,01,6,female
../../data\Actor_06\03-01-03-02-01-02-06.wav,03-01-03-02-01-02-06.wav,03,speech,03,happy,strong,01,02,6,female
../../data\Actor_06\03-01-03-02-02-01-06.wav,03-01-03-02-02-01-06.wav,03,speech,03,happy,strong,02,01,6,female
../../data\Actor_06\03-01-03-02-02-02-06.wav,03-01-03-02-02-02-06.wav,03,speech,03,happy,strong,02,02,6,female
../../data\Actor_06\03-01-04-01-01-01-06.wav,03-01-04-01-01-01-06.wav,03,speech,04,sad,normal,01,01,6,female
../../data\Actor_06\03-01-04-01-01-02-06.wav,03-01-04-01-01-02-06.wav,03,speech,04,sad,normal,01,02,6,female
../../data\Actor_06\03-01-04-01-02-01-06.wav,03-01-04-01-02-01-06.wav,03,speech,04,sad,normal,02,01,6,female
../../data\Actor_06\03-01-04-01-02-02-06.wav,03-01-04-01-02-02-06.wav,03,speech,04,sad,normal,02,02,6,female
../../data\Actor_06\03-01-04-02-01-01-06.wav,03-01-04-02-01-01-06.wav,03,speech,04,sad,strong,01,01,6,female
../../data\Actor_06\03-01-04-02-01-02-06.wav,03-01-04-02-01-02-06.wav,03,speech,04,sad,strong,01,02,6,female
../../data\Actor_06\03-01-04-02-02-01-06.wav,03-01-04-02-02-01-06.wav,03,speech,04,sad,strong,02,01,6,female
../../data\Actor_06\03-01-04-02-02-02-06.wav,03-01-04-02-02-02-06.wav,03,speech,04,sad,strong,02,02,6,female
../../data\Actor_06\03-01-05-01-01-01-06.wav,03-01-05-01-01-01-06.wav,03,speech,05,angry,normal,01,01,6,female
../../data\Actor_06\03-01-05-01-01-02-06.wav,03-01-05-01-01-02-06.wav,03,speech,05,angry,normal,01,02,6,female
../../data\Actor_06\03-01-05-01-02-01-06.wav,03-01-05-01-02-01-06.wav,03,speech,05,angry,normal,02,01,6,female
../../data\Actor_06\03-01-05-01-02-02-06.wav,03-01-05-01-02-02-06.wav,03,speech,05,angry,normal,02,02,6,female
../../data\Actor_06\03-01-05-02-01-01-06.wav,03-01-05-02-01-01-06.wav,03,speech,05,angry,strong,01,01,6,female
../../data\Actor_06\03-01-05-02-01-02-06.wav,03-01-05-02-01-02-06.wav,03,speech,05,angry,strong,01,02,6,female
../../data\Actor_06\03-01-05-02-02-01-06.wav,03-01-05-02-02-01-06.wav,03,speech,05,angry,strong,02,01,6,female
../../data\Actor_06\03-01-05-02-02-02-06.wav,03-01-05-02-02-02-06.wav,03,speech,05,angry,strong,02,02,6,female
../../data\Actor_06\03-01-06-01-01-01-06.wav,03-01-06-01-01-01-06.wav,03,speech,06,fearful,normal,01,01,6,female
../../data\Actor_06\03-01-06-01-01-02-06.wav,03-01-06-01-01-02-06.wav,03,speech,06,fearful,normal,01,02,6,female
../../data\Actor_06\03-01-06-01-02-01-06.wav,03-01-06-01-02-01-06.wav,03,speech,06,fearful,normal,02,01,6,female
../../data\Actor_06\03-01-06-01-02-02-06.wav,03-01-06-01-02-02-06.wav,03,speech,06,fearful,normal,02,02,6,female
../../data\Actor_06\03-01-06-02-01-01-06.wav,03-01-06-02-01-01-06.wav,03,speech,06,fearful,strong,01,01,6,female
../../data\Actor_06\03-01-06-02-01-02-06.wav,03-01-06-02-01-02-06.wav,03,speech,06,fearful,strong,01,02,6,female
../../data\Actor_06\03-01-06-02-02-01-06.wav,03-01-06-02-02-01-06.wav,03,speech,06,fearful,strong,02,01,6,female
../../data\Actor_06\03-01-06-02-02-02-06.wav,03-01-06-02-02-02-06.wav,03,speech,06,fearful,strong,02,02,6,female
../../data\Actor_06\03-01-07-01-01-01-06.wav,03-01-07-01-01-01-06.wav,03,speech,07,disgust,normal,01,01,6,female
../../data\Actor_06\03-01-07-01-01-02-06.wav,03-01-07-01-01-02-06.wav,03,speech,07,disgust,normal,01,02,6,female
../../data\Actor_06\03-01-07-01-02-01-06.wav,03-01-07-01-02-01-06.wav,03,speech,07,disgust,normal,02,01,6,female
../../data\Actor_06\03-01-07-01-02-02-06.wav,03-01-07-01-02-02-06.wav,03,speech,07,disgust,normal,02,02,6,female
../../data\Actor_06\03-01-07-02-01-01-06.wav,03-01-07-02-01-01-06.wav,03,speech,07,disgust,strong,01,01,6,female
../../data\Actor_06\03-01-07-02-01-02-06.wav,03-01-07-02-01-02-06.wav,03,speech,07,disgust,strong,01,02,6,female
../../data\Actor_06\03-01-07-02-02-01-06.wav,03-01-07-02-02-01-06.wav,03,speech,07,disgust,strong,02,01,6,female
../../data\Actor_06\03-01-07-02-02-02-06.wav,03-01-07-02-02-02-06.wav,03,speech,07,disgust,strong,02,02,6,female
../../data\Actor_06\03-01-08-01-01-01-06.wav,03-01-08-01-01-01-06.wav,03,speech,08,surprised,normal,01,01,6,female
../../data\Actor_06\03-01-08-01-01-02-06.wav,03-01-08-01-01-02-06.wav,03,speech,08,surprised,normal,01,02,6,female
../../data\Actor_06\03-01-08-01-02-01-06.wav,03-01-08-01-02-01-06.wav,03,speech,08,surprised,normal,02,01,6,female
../../data\Actor_06\03-01-08-01-02-02-06.wav,03-01-08-01-02-02-06.wav,03,speech,08,surprised,normal,02,02,6,female
../../data\Actor_06\03-01-08-02-01-01-06.wav,03-01-08-02-01-01-06.wav,03,speech,08,surprised,strong,01,01,6,female
../../data\Actor_06\03-01-08-02-01-02-06.wav,03-01-08-02-01-02-06.wav,03,speech,08,surprised,strong,01,02,6,female
../../data\Actor_06\03-01-08-02-02-01-06.wav,03-01-08-02-02-01-06.wav,03,speech,08,surprised,strong,02,01,6,female
../../data\Actor_06\03-01-08-02-02-02-06.wav,03-01-08-02-02-02-06.wav,03,speech,08,surprised,strong,02,02,6,female
../../data\Actor_06\03-02-01-01-01-01-06.wav,03-02-01-01-01-01-06.wav,03,song,01,neutral,normal,01,01,6,female
../../data\Actor_06\03-02-01-01-01-02-06.wav,03-02-01-01-01-02-06.wav,03,song,01,neutral,normal,01,02,6,female
../../data\Actor_06\03-02-01-01-02-01-06.wav,03-02-01-01-02-01-06.wav,03,song,01,neutral,normal,02,01,6,female
../../data\Actor_06\03-02-01-01-02-02-06.wav,03-02-01-01-02-02-06.wav,03,song,01,neutral,normal,02,02,6,female
../../data\Actor_06\03-02-02-01-01-01-06.wav,03-02-02-01-01-01-06.wav,03,song,02,calm,normal,01,01,6,female
../../data\Actor_06\03-02-02-01-01-02-06.wav,03-02-02-01-01-02-06.wav,03,song,02,calm,normal,01,02,6,female
../../data\Actor_06\03-02-02-01-02-01-06.wav,03-02-02-01-02-01-06.wav,03,song,02,calm,normal,02,01,6,female
../../data\Actor_06\03-02-02-01-02-02-06.wav,03-02-02-01-02-02-06.wav,03,song,02,calm,normal,02,02,6,female
../../data\Actor_06\03-02-02-02-01-01-06.wav,03-02-02-02-01-01-06.wav,03,song,02,calm,strong,01,01,6,female
../../data\Actor_06\03-02-02-02-01-02-06.wav,03-02-02-02-01-02-06.wav,03,song,02,calm,strong,01,02,6,female
../../data\Actor_06\03-02-02-02-02-01-06.wav,03-02-02-02-02-01-06.wav,03,song,02,calm,strong,02,01,6,female
../../data\Actor_06\03-02-02-02-02-02-06.wav,03-02-02-02-02-02-06.wav,03,song,02,calm,strong,02,02,6,female
../../data\Actor_06\03-02-03-01-01-01-06.wav,03-02-03-01-01-01-06.wav,03,song,03,happy,normal,01,01,6,female
../../data\Actor_06\03-02-03-01-01-02-06.wav,03-02-03-01-01-02-06.wav,03,song,03,happy,normal,01,02,6,female
../../data\Actor_06\03-02-03-01-02-01-06.wav,03-02-03-01-02-01-06.wav,03,song,03,happy,normal,02,01,6,female
../../data\Actor_06\03-02-03-01-02-02-06.wav,03-02-03-01-02-02-06.wav,03,song,03,happy,normal,02,02,6,female
../../data\Actor_06\03-02-03-02-01-01-06.wav,03-02-03-02-01-01-06.wav,03,song,03,happy,strong,01,01,6,female
../../data\Actor_06\03-02-03-02-01-02-06.wav,03-02-03-02-01-02-06.wav,03,song,03,happy,strong,01,02,6,female
../../data\Actor_06\03-02-03-02-02-01-06.wav,03-02-03-02-02-01-06.wav,03,song,03,happy,strong,02,01,6,female
../../data\Actor_06\03-02-03-02-02-02-06.wav,03-02-03-02-02-02-06.wav,03,song,03,happy,strong,02,02,6,female
../../data\Actor_06\03-02-04-01-01-01-06.wav,03-02-04-01-01-01-06.wav,03,song,04,sad,normal,01,01,6,female
../../data\Actor_06\03-02-04-01-01-02-06.wav,03-02-04-01-01-02-06.wav,03,song,04,sad,normal,01,02,6,female
../../data\Actor_06\03-02-04-01-02-01-06.wav,03-02-04-01-02-01-06.wav,03,song,04,sad,normal,02,01,6,female
../../data\Actor_06\03-02-04-01-02-02-06.wav,03-02-04-01-02-02-06.wav,03,song,04,sad,normal,02,02,6,female
../../data\Actor_06\03-02-04-02-01-01-06.wav,03-02-04-02-01-01-06.wav,03,song,04,sad,strong,01,01,6,female
../../data\Actor_06\03-02-04-02-01-02-06.wav,03-02-04-02-01-02-06.wav,03,song,04,sad,strong,01,02,6,female
../../data\Actor_06\03-02-04-02-02-01-06.wav,03-02-04-02-02-01-06.wav,03,song,04,sad,strong,02,01,6,female
../../data\Actor_06\03-02-04-02-02-02-06.wav,03-02-04-02-02-02-06.wav,03,song,04,sad,strong,02,02,6,female
../../data\Actor_06\03-02-05-01-01-01-06.wav,03-02-05-01-01-01-06.wav,03,song,05,angry,normal,01,01,6,female
../../data\Actor_06\03-02-05-01-01-02-06.wav,03-02-05-01-01-02-06.wav,03,song,05,angry,normal,01,02,6,female
../../data\Actor_06\03-02-05-01-02-01-06.wav,03-02-05-01-02-01-06.wav,03,song,05,angry,normal,02,01,6,female
../../data\Actor_06\03-02-05-01-02-02-06.wav,03-02-05-01-02-02-06.wav,03,song,05,angry,normal,02,02,6,female
../../data\Actor_06\03-02-05-02-01-01-06.wav,03-02-05-02-01-01-06.wav,03,song,05,angry,strong,01,01,6,female
../../data\Actor_06\03-02-05-02-01-02-06.wav,03-02-05-02-01-02-06.wav,03,song,05,angry,strong,01,02,6,female
../../data\Actor_06\03-02-05-02-02-01-06.wav,03-02-05-02-02-01-06.wav,03,song,05,angry,strong,02,01,6,female
../../data\Actor_06\03-02-05-02-02-02-06.wav,03-02-05-02-02-02-06.wav,03,song,05,angry,strong,02,02,6,female
../../data\Actor_06\03-02-06-01-01-01-06.wav,03-02-06-01-01-01-06.wav,03,song,06,fearful,normal,01,01,6,female
../../data\Actor_06\03-02-06-01-01-02-06.wav,03-02-06-01-01-02-06.wav,03,song,06,fearful,normal,01,02,6,female
../../data\Actor_06\03-02-06-01-02-01-06.wav,03-02-06-01-02-01-06.wav,03,song,06,fearful,normal,02,01,6,female
../../data\Actor_06\03-02-06-01-02-02-06.wav,03-02-06-01-02-02-06.wav,03,song,06,fearful,normal,02,02,6,female
../../data\Actor_06\03-02-06-02-01-01-06.wav,03-02-06-02-01-01-06.wav,03,song,06,fearful,strong,01,01,6,female
../../data\Actor_06\03-02-06-02-01-02-06.wav,03-02-06-02-01-02-06.wav,03,song,06,fearful,strong,01,02,6,female
../../data\Actor_06\03-02-06-02-02-01-06.wav,03-02-06-02-02-01-06.wav,03,song,06,fearful,strong,02,01,6,female
../../data\Actor_06\03-02-06-02-02-02-06.wav,03-02-06-02-02-02-06.wav,03,song,06,fearful,strong,02,02,6,female
../../data\Actor_07\03-01-01-01-01-01-07.wav,03-01-01-01-01-01-07.wav,03,speech,01,neutral,normal,01,01,7,male
../../data\Actor_07\03-01-01-01-01-02-07.wav,03-01-01-01-01-02-07.wav,03,speech,01,neutral,normal,01,02,7,male
../../data\Actor_07\03-01-01-01-02-01-07.wav,03-01-01-01-02-01-07.wav,03,speech,01,neutral,normal,02,01,7,male
../../data\Actor_07\03-01-01-01-02-02-07.wav,03-01-01-01-02-02-07.wav,03,speech,01,neutral,normal,02,02,7,male
../../data\Actor_07\03-01-02-01-01-01-07.wav,03-01-02-01-01-01-07.wav,03,speech,02,calm,normal,01,01,7,male
../../data\Actor_07\03-01-02-01-01-02-07.wav,03-01-02-01-01-02-07.wav,03,speech,02,calm,normal,01,02,7,male
../../data\Actor_07\03-01-02-01-02-01-07.wav,03-01-02-01-02-01-07.wav,03,speech,02,calm,normal,02,01,7,male
../../data\Actor_07\03-01-02-01-02-02-07.wav,03-01-02-01-02-02-07.wav,03,speech,02,calm,normal,02,02,7,male
../../data\Actor_07\03-01-02-02-01-01-07.wav,03-01-02-02-01-01-07.wav,03,speech,02,calm,strong,01,01,7,male
../../data\Actor_07\03-01-02-02-01-02-07.wav,03-01-02-02-01-02-07.wav,03,speech,02,calm,strong,01,02,7,male
../../data\Actor_07\03-01-02-02-02-01-07.wav,03-01-02-02-02-01-07.wav,03,speech,02,calm,strong,02,01,7,male
../../data\Actor_07\03-01-02-02-02-02-07.wav,03-01-02-02-02-02-07.wav,03,speech,02,calm,strong,02,02,7,male
../../data\Actor_07\03-01-03-01-01-01-07.wav,03-01-03-01-01-01-07.wav,03,speech,03,happy,normal,01,01,7,male
../../data\Actor_07\03-01-03-01-01-02-07.wav,03-01-03-01-01-02-07.wav,03,speech,03,happy,normal,01,02,7,male
../../data\Actor_07\03-01-03-01-02-01-07.wav,03-01-03-01-02-01-07.wav,03,speech,03,happy,normal,02,01,7,male
../../data\Actor_07\03-01-03-01-02-02-07.wav,03-01-03-01-02-02-07.wav,03,speech,03,happy,normal,02,02,7,male
../../data\Actor_07\03-01-03-02-01-01-07.wav,03-01-03-02-01-01-07.wav,03,speech,03,happy,strong,01,01,7,male
../../data\Actor_07\03-01-03-02-01-02-07.wav,03-01-03-02-01-02-07.wav,03,speech,03,happy,strong,01,02,7,male
../../data\Actor_07\03-01-03-02-02-01-07.wav,03-01-03-02-02-01-07.wav,03,speech,03,happy,strong,02,01,7,male
../../data\Actor_07\03-01-03-02-02-02-07.wav,03-01-03-02-02-02-07.wav,03,speech,03,happy,strong,02,02,7,male
../../data\Actor_07\03-01-04-01-01-01-07.wav,03-01-04-01-01-01-07.wav,03,speech,04,sad,normal,01,01,7,male
../../data\Actor_07\03-01-04-01-01-02-07.wav,03-01-04-01-01-02-07.wav,03,speech,04,sad,normal,01,02,7,male
../../data\Actor_07\03-01-04-01-02-01-07.wav,03-01-04-01-02-01-07.wav,03,speech,04,sad,normal,02,01,7,male
../../data\Actor_07\03-01-04-01-02-02-07.wav,03-01-04-01-02-02-07.wav,03,speech,04,sad,normal,02,02,7,male
../../data\Actor_07\03-01-04-02-01-01-07.wav,03-01-04-02-01-01-07.wav,03,speech,04,sad,strong,01,01,7,male
../../data\Actor_07\03-01-04-02-01-02-07.wav,03-01-04-02-01-02-07.wav,03,speech,04,sad,strong,01,02,7,male
../../data\Actor_07\03-01-04-02-02-01-07.wav,03-01-04-02-02-01-07.wav,03,speech,04,sad,strong,02,01,7,male
../../data\Actor_07\03-01-04-02-02-02-07.wav,03-01-04-02-02-02-07.wav,03,speech,04,sad,strong,02,02,7,male
../../data\Actor_07\03-01-05-01-01-01-07.wav,03-01-05-01-01-01-07.wav,03,speech,05,angry,normal,01,01,7,male
../../data\Actor_07\03-01-05-01-01-02-07.wav,03-01-05-01-01-02-07.wav,03,speech,05,angry,normal,01,02,7,male
../../data\Actor_07\03-01-05-01-02-01-07.wav,03-01-05-01-02-01-07.wav,03,speech,05,angry,normal,02,01,7,male
../../data\Actor_07\03-01-05-01-02-02-07.wav,03-01-05-01-02-02-07.wav,03,speech,05,angry,normal,02,02,7,male
../../data\Actor_07\03-01-05-02-01-01-07.wav,03-01-05-02-01-01-07.wav,03,speech,05,angry,strong,01,01,7,male
../../data\Actor_07\03-01-05-02-01-02-07.wav,03-01-05-02-01-02-07.wav,03,speech,05,angry,strong,01,02,7,male
../../data\Actor_07\03-01-05-02-02-01-07.wav,03-01-05-02-02-01-07.wav,03,speech,05,angry,strong,02,01,7,male
../../data\Actor_07\03-01-05-02-02-02-07.wav,03-01-05-02-02-02-07.wav,03,speech,05,angry,strong,02,02,7,male
../../data\Actor_07\03-01-06-01-01-01-07.wav,03-01-06-01-01-01-07.wav,03,speech,06,fearful,normal,01,01,7,male
../../data\Actor_07\03-01-06-01-01-02-07.wav,03-01-06-01-01-02-07.wav,03,speech,06,fearful,normal,01,02,7,male
../../data\Actor_07\03-01-06-01-02-01-07.wav,03-01-06-01-02-01-07.wav,03,speech,06,fearful,normal,02,01,7,male
../../data\Actor_07\03-01-06-01-02-02-07.wav,03-01-06-01-02-02-07.wav,03,speech,06,fearful,normal,02,02,7,male
../../data\Actor_07\03-01-06-02-01-01-07.wav,03-01-06-02-01-01-07.wav,03,speech,06,fearful,strong,01,01,7,male
../../data\Actor_07\03-01-06-02-01-02-07.wav,03-01-06-02-01-02-07.wav,03,speech,06,fearful,strong,01,02,7,male
../../data\Actor_07\03-01-06-02-02-01-07.wav,03-01-06-02-02-01-07.wav,03,speech,06,fearful,strong,02,01,7,male
../../data\Actor_07\03-01-06-02-02-02-07.wav,03-01-06-02-02-02-07.wav,03,speech,06,fearful,strong,02,02,7,male
../../data\Actor_07\03-01-07-01-01-01-07.wav,03-01-07-01-01-01-07.wav,03,speech,07,disgust,normal,01,01,7,male
../../data\Actor_07\03-01-07-01-01-02-07.wav,03-01-07-01-01-02-07.wav,03,speech,07,disgust,normal,01,02,7,male
../../data\Actor_07\03-01-07-01-02-01-07.wav,03-01-07-01-02-01-07.wav,03,speech,07,disgust,normal,02,01,7,male
../../data\Actor_07\03-01-07-01-02-02-07.wav,03-01-07-01-02-02-07.wav,03,speech,07,disgust,normal,02,02,7,male
../../data\Actor_07\03-01-07-02-01-01-07.wav,03-01-07-02-01-01-07.wav,03,speech,07,disgust,strong,01,01,7,male
../../data\Actor_07\03-01-07-02-01-02-07.wav,03-01-07-02-01-02-07.wav,03,speech,07,disgust,strong,01,02,7,male
../../data\Actor_07\03-01-07-02-02-01-07.wav,03-01-07-02-02-01-07.wav,03,speech,07,disgust,strong,02,01,7,male
../../data\Actor_07\03-01-07-02-02-02-07.wav,03-01-07-02-02-02-07.wav,03,speech,07,disgust,strong,02,02,7,male
../../data\Actor_07\03-01-08-01-01-01-07.wav,03-01-08-01-01-01-07.wav,03,speech,08,surprised,normal,01,01,7,male
../../data\Actor_07\03-01-08-01-01-02-07.wav,03-01-08-01-01-02-07.wav,03,speech,08,surprised,normal,01,02,7,male
../../data\Actor_07\03-01-08-01-02-01-07.wav,03-01-08-01-02-01-07.wav,03,speech,08,surprised,normal,02,01,7,male
../../data\Actor_07\03-01-08-01-02-02-07.wav,03-01-08-01-02-02-07.wav,03,speech,08,surprised,normal,02,02,7,male
../../data\Actor_07\03-01-08-02-01-01-07.wav,03-01-08-02-01-01-07.wav,03,speech,08,surprised,strong,01,01,7,male
../../data\Actor_07\03-01-08-02-01-02-07.wav,03-01-08-02-01-02-07.wav,03,speech,08,surprised,strong,01,02,7,male
../../data\Actor_07\03-01-08-02-02-01-07.wav,03-01-08-02-02-01-07.wav,03,speech,08,surprised,strong,02,01,7,male
../../data\Actor_07\03-01-08-02-02-02-07.wav,03-01-08-02-02-02-07.wav,03,speech,08,surprised,strong,02,02,7,male
../../data\Actor_07\03-02-01-01-01-01-07.wav,03-02-01-01-01-01-07.wav,03,song,01,neutral,normal,01,01,7,male
../../data\Actor_07\03-02-01-01-01-02-07.wav,03-02-01-01-01-02-07.wav,03,song,01,neutral,normal,01,02,7,male
../../data\Actor_07\03-02-01-01-02-01-07.wav,03-02-01-01-02-01-07.wav,03,song,01,neutral,normal,02,01,7,male
../../data\Actor_07\03-02-01-01-02-02-07.wav,03-02-01-01-02-02-07.wav,03,song,01,neutral,normal,02,02,7,male
../../data\Actor_07\03-02-02-01-01-01-07.wav,03-02-02-01-01-01-07.wav,03,song,02,calm,normal,01,01,7,male
../../data\Actor_07\03-02-02-01-01-02-07.wav,03-02-02-01-01-02-07.wav,03,song,02,calm,normal,01,02,7,male
../../data\Actor_07\03-02-02-01-02-01-07.wav,03-02-02-01-02-01-07.wav,03,song,02,calm,normal,02,01,7,male
../../data\Actor_07\03-02-02-01-02-02-07.wav,03-02-02-01-02-02-07.wav,03,song,02,calm,normal,02,02,7,male
../../data\Actor_07\03-02-02-02-01-01-07.wav,03-02-02-02-01-01-07.wav,03,song,02,calm,strong,01,01,7,male
../../data\Actor_07\03-02-02-02-01-02-07.wav,03-02-02-02-01-02-07.wav,03,song,02,calm,strong,01,02,7,male
../../data\Actor_07\03-02-02-02-02-01-07.wav,03-02-02-02-02-01-07.wav,03,song,02,calm,strong,02,01,7,male
../../data\Actor_07\03-02-02-02-02-02-07.wav,03-02-02-02-02-02-07.wav,03,song,02,calm,strong,02,02,7,male
../../data\Actor_07\03-02-03-01-01-01-07.wav,03-02-03-01-01-01-07.wav,03,song,03,happy,normal,01,01,7,male
../../data\Actor_07\03-02-03-01-01-02-07.wav,03-02-03-01-01-02-07.wav,03,song,03,happy,normal,01,02,7,male
../../data\Actor_07\03-02-03-01-02-01-07.wav,03-02-03-01-02-01-07.wav,03,song,03,happy,normal,02,01,7,male
../../data\Actor_07\03-02-03-01-02-02-07.wav,03-02-03-01-02-02-07.wav,03,song,03,happy,normal,02,02,7,male
../../data\Actor_07\03-02-03-02-01-01-07.wav,03-02-03-02-01-01-07.wav,03,song,03,happy,strong,01,01,7,male
../../data\Actor_07\03-02-03-02-01-02-07.wav,03-02-03-02-01-02-07.wav,03,song,03,happy,strong,01,02,7,male
../../data\Actor_07\03-02-03-02-02-01-07.wav,03-02-03-02-02-01-07.wav,03,song,03,happy,strong,02,01,7,male
../../data\Actor_07\03-02-03-02-02-02-07.wav,03-02-03-02-02-02-07.wav,03,song,03,happy,strong,02,02,7,male
../../data\Actor_07\03-02-04-01-01-01-07.wav,03-02-04-01-01-01-07.wav,03,song,04,sad,normal,01,01,7,male
../../data\Actor_07\03-02-04-01-01-02-07.wav,03-02-04-01-01-02-07.wav,03,song,04,sad,normal,01,02,7,male
../../data\Actor_07\03-02-04-01-02-01-07.wav,03-02-04-01-02-01-07.wav,03,song,04,sad,normal,02,01,7,male
../../data\Actor_07\03-02-04-01-02-02-07.wav,03-02-04-01-02-02-07.wav,03,song,04,sad,normal,02,02,7,male
../../data\Actor_07\03-02-04-02-01-01-07.wav,03-02-04-02-01-01-07.wav,03,song,04,sad,strong,01,01,7,male
../../data\Actor_07\03-02-04-02-01-02-07.wav,03-02-04-02-01-02-07.wav,03,song,04,sad,strong,01,02,7,male
../../data\Actor_07\03-02-04-02-02-01-07.wav,03-02-04-02-02-01-07.wav,03,song,04,sad,strong,02,01,7,male
../../data\Actor_07\03-02-04-02-02-02-07.wav,03-02-04-02-02-02-07.wav,03,song,04,sad,strong,02,02,7,male
../../data\Actor_07\03-02-05-01-01-01-07.wav,03-02-05-01-01-01-07.wav,03,song,05,angry,normal,01,01,7,male
../../data\Actor_07\03-02-05-01-01-02-07.wav,03-02-05-01-01-02-07.wav,03,song,05,angry,normal,01,02,7,male
../../data\Actor_07\03-02-05-01-02-01-07.wav,03-02-05-01-02-01-07.wav,03,song,05,angry,normal,02,01,7,male
../../data\Actor_07\03-02-05-01-02-02-07.wav,03-02-05-01-02-02-07.wav,03,song,05,angry,normal,02,02,7,male
../../data\Actor_07\03-02-05-02-01-01-07.wav,03-02-05-02-01-01-07.wav,03,song,05,angry,strong,01,01,7,male
../../data\Actor_07\03-02-05-02-01-02-07.wav,03-02-05-02-01-02-07.wav,03,song,05,angry,strong,01,02,7,male
../../data\Actor_07\03-02-05-02-02-01-07.wav,03-02-05-02-02-01-07.wav,03,song,05,angry,strong,02,01,7,male
../../data\Actor_07\03-02-05-02-02-02-07.wav,03-02-05-02-02-02-07.wav,03,song,05,angry,strong,02,02,7,male
../../data\Actor_07\03-02-06-01-01-01-07.wav,03-02-06-01-01-01-07.wav,03,song,06,fearful,normal,01,01,7,male
../../data\Actor_07\03-02-06-01-01-02-07.wav,03-02-06-01-01-02-07.wav,03,song,06,fearful,normal,01,02,7,male
../../data\Actor_07\03-02-06-01-02-01-07.wav,03-02-06-01-02-01-07.wav,03,song,06,fearful,normal,02,01,7,male
../../data\Actor_07\03-02-06-01-02-02-07.wav,03-02-06-01-02-02-07.wav,03,song,06,fearful,normal,02,02,7,male
../../data\Actor_07\03-02-06-02-01-01-07.wav,03-02-06-02-01-01-07.wav,03,song,06,fearful,strong,01,01,7,male
../../data\Actor_07\03-02-06-02-01-02-07.wav,03-02-06-02-01-02-07.wav,03,song,06,fearful,strong,01,02,7,male
../../data\Actor_07\03-02-06-02-02-01-07.wav,03-02-06-02-02-01-07.wav,03,song,06,fearful,strong,02,01,7,male
../../data\Actor_07\03-02-06-02-02-02-07.wav,03-02-06-02-02-02-07.wav,03,song,06,fearful,strong,02,02,7,male
../../data\Actor_08\03-01-01-01-01-01-08.wav,03-01-01-01-01-01-08.wav,03,speech,01,neutral,normal,01,01,8,female
../../data\Actor_08\03-01-01-01-01-02-08.wav,03-01-01-01-01-02-08.wav,03,speech,01,neutral,normal,01,02,8,female
../../data\Actor_08\03-01-01-01-02-01-08.wav,03-01-01-01-02-01-08.wav,03,speech,01,neutral,normal,02,01,8,female
../../data\Actor_08\03-01-01-01-02-02-08.wav,03-01-01-01-02-02-08.wav,03,speech,01,neutral,normal,02,02,8,female
../../data\Actor_08\03-01-02-01-01-01-08.wav,03-01-02-01-01-01-08.wav,03,speech,02,calm,normal,01,01,8,female
../../data\Actor_08\03-01-02-01-01-02-08.wav,03-01-02-01-01-02-08.wav,03,speech,02,calm,normal,01,02,8,female
../../data\Actor_08\03-01-02-01-02-01-08.wav,03-01-02-01-02-01-08.wav,03,speech,02,calm,normal,02,01,8,female
../../data\Actor_08\03-01-02-01-02-02-08.wav,03-01-02-01-02-02-08.wav,03,speech,02,calm,normal,02,02,8,female
../../data\Actor_08\03-01-02-02-01-01-08.wav,03-01-02-02-01-01-08.wav,03,speech,02,calm,strong,01,01,8,female
../../data\Actor_08\03-01-02-02-01-02-08.wav,03-01-02-02-01-02-08.wav,03,speech,02,calm,strong,01,02,8,female
../../data\Actor_08\03-01-02-02-02-01-08.wav,03-01-02-02-02-01-08.wav,03,speech,02,calm,strong,02,01,8,female
../../data\Actor_08\03-01-02-02-02-02-08.wav,03-01-02-02-02-02-08.wav,03,speech,02,calm,strong,02,02,8,female
../../data\Actor_08\03-01-03-01-01-01-08.wav,03-01-03-01-01-01-08.wav,03,speech,03,happy,normal,01,01,8,female
../../data\Actor_08\03-01-03-01-01-02-08.wav,03-01-03-01-01-02-08.wav,03,speech,03,happy,normal,01,02,8,female
../../data\Actor_08\03-01-03-01-02-01-08.wav,03-01-03-01-02-01-08.wav,03,speech,03,happy,normal,02,01,8,female
../../data\Actor_08\03-01-03-01-02-02-08.wav,03-01-03-01-02-02-08.wav,03,speech,03,happy,normal,02,02,8,female
../../data\Actor_08\03-01-03-02-01-01-08.wav,03-01-03-02-01-01-08.wav,03,speech,03,happy,strong,01,01,8,female
../../data\Actor_08\03-01-03-02-01-02-08.wav,03-01-03-02-01-02-08.wav,03,speech,03,happy,strong,01,02,8,female
../../data\Actor_08\03-01-03-02-02-01-08.wav,03-01-03-02-02-01-08.wav,03,speech,03,happy,strong,02,01,8,female
../../data\Actor_08\03-01-03-02-02-02-08.wav,03-01-03-02-02-02-08.wav,03,speech,03,happy,strong,02,02,8,female
../../data\Actor_08\03-01-04-01-01-01-08.wav,03-01-04-01-01-01-08.wav,03,speech,04,sad,normal,01,01,8,female
../../data\Actor_08\03-01-04-01-01-02-08.wav,03-01-04-01-01-02-08.wav,03,speech,04,sad,normal,01,02,8,female
../../data\Actor_08\03-01-04-01-02-01-08.wav,03-01-04-01-02-01-08.wav,03,speech,04,sad,normal,02,01,8,female
../../data\Actor_08\03-01-04-01-02-02-08.wav,03-01-04-01-02-02-08.wav,03,speech,04,sad,normal,02,02,8,female
../../data\Actor_08\03-01-04-02-01-01-08.wav,03-01-04-02-01-01-08.wav,03,speech,04,sad,strong,01,01,8,female
../../data\Actor_08\03-01-04-02-01-02-08.wav,03-01-04-02-01-02-08.wav,03,speech,04,sad,strong,01,02,8,female
../../data\Actor_08\03-01-04-02-02-01-08.wav,03-01-04-02-02-01-08.wav,03,speech,04,sad,strong,02,01,8,female
../../data\Actor_08\03-01-04-02-02-02-08.wav,03-01-04-02-02-02-08.wav,03,speech,04,sad,strong,02,02,8,female
../../data\Actor_08\03-01-05-01-01-01-08.wav,03-01-05-01-01-01-08.wav,03,speech,05,angry,normal,01,01,8,female
../../data\Actor_08\03-01-05-01-01-02-08.wav,03-01-05-01-01-02-08.wav,03,speech,05,angry,normal,01,02,8,female
../../data\Actor_08\03-01-05-01-02-01-08.wav,03-01-05-01-02-01-08.wav,03,speech,05,angry,normal,02,01,8,female
../../data\Actor_08\03-01-05-01-02-02-08.wav,03-01-05-01-02-02-08.wav,03,speech,05,angry,normal,02,02,8,female
../../data\Actor_08\03-01-05-02-01-01-08.wav,03-01-05-02-01-01-08.wav,03,speech,05,angry,strong,01,01,8,female
../../data\Actor_08\03-01-05-02-01-02-08.wav,03-01-05-02-01-02-08.wav,03,speech,05,angry,strong,01,02,8,female
../../data\Actor_08\03-01-05-02-02-01-08.wav,03-01-05-02-02-01-08.wav,03,speech,05,angry,strong,02,01,8,female
../../data\Actor_08\03-01-05-02-02-02-08.wav,03-01-05-02-02-02-08.wav,03,speech,05,angry,strong,02,02,8,female
../../data\Actor_08\03-01-06-01-01-01-08.wav,03-01-06-01-01-01-08.wav,03,speech,06,fearful,normal,01,01,8,female
../../data\Actor_08\03-01-06-01-01-02-08.wav,03-01-06-01-01-02-08.wav,03,speech,06,fearful,normal,01,02,8,female
../../data\Actor_08\03-01-06-01-02-01-08.wav,03-01-06-01-02-01-08.wav,03,speech,06,fearful,normal,02,01,8,female
../../data\Actor_08\03-01-06-01-02-02-08.wav,03-01-06-01-02-02-08.wav,03,speech,06,fearful,normal,02,02,8,female
../../data\Actor_08\03-01-06-02-01-01-08.wav,03-01-06-02-01-01-08.wav,03,speech,06,fearful,strong,01,01,8,female
../../data\Actor_08\03-01-06-02-01-02-08.wav,03-01-06-02-01-02-08.wav,03,speech,06,fearful,strong,01,02,8,female
../../data\Actor_08\03-01-06-02-02-01-08.wav,03-01-06-02-02-01-08.wav,03,speech,06,fearful,strong,02,01,8,female
../../data\Actor_08\03-01-06-02-02-02-08.wav,03-01-06-02-02-02-08.wav,03,speech,06,fearful,strong,02,02,8,female
../../data\Actor_08\03-01-07-01-01-01-08.wav,03-01-07-01-01-01-08.wav,03,speech,07,disgust,normal,01,01,8,female
../../data\Actor_08\03-01-07-01-01-02-08.wav,03-01-07-01-01-02-08.wav,03,speech,07,disgust,normal,01,02,8,female
../../data\Actor_08\03-01-07-01-02-01-08.wav,03-01-07-01-02-01-08.wav,03,speech,07,disgust,normal,02,01,8,female
../../data\Actor_08\03-01-07-01-02-02-08.wav,03-01-07-01-02-02-08.wav,03,speech,07,disgust,normal,02,02,8,female
../../data\Actor_08\03-01-07-02-01-01-08.wav,03-01-07-02-01-01-08.wav,03,speech,07,disgust,strong,01,01,8,female
../../data\Actor_08\03-01-07-02-01-02-08.wav,03-01-07-02-01-02-08.wav,03,speech,07,disgust,strong,01,02,8,female
../../data\Actor_08\03-01-07-02-02-01-08.wav,03-01-07-02-02-01-08.wav,03,speech,07,disgust,strong,02,01,8,female
../../data\Actor_08\03-01-07-02-02-02-08.wav,03-01-07-02-02-02-08.wav,03,speech,07,disgust,strong,02,02,8,female
../../data\Actor_08\03-01-08-01-01-01-08.wav,03-01-08-01-01-01-08.wav,03,speech,08,surprised,normal,01,01,8,female
../../data\Actor_08\03-01-08-01-01-02-08.wav,03-01-08-01-01-02-08.wav,03,speech,08,surprised,normal,01,02,8,female
../../data\Actor_08\03-01-08-01-02-01-08.wav,03-01-08-01-02-01-08.wav,03,speech,08,surprised,normal,02,01,8,female
../../data\Actor_08\03-01-08-01-02-02-08.wav,03-01-08-01-02-02-08.wav,03,speech,08,surprised,normal,02,02,8,female
../../data\Actor_08\03-01-08-02-01-01-08.wav,03-01-08-02-01-01-08.wav,03,speech,08,surprised,strong,01,01,8,female
../../data\Actor_08\03-01-08-02-01-02-08.wav,03-01-08-02-01-02-08.wav,03,speech,08,surprised,strong,01,02,8,female
../../data\Actor_08\03-01-08-02-02-01-08.wav,03-01-08-02-02-01-08.wav,03,speech,08,surprised,strong,02,01,8,female
../../data\Actor_08\03-01-08-02-02-02-08.wav,03-01-08-02-02-02-08.wav,03,speech,08,surprised,strong,02,02,8,female
../../data\Actor_08\03-02-01-01-01-01-08.wav,03-02-01-01-01-01-08.wav,03,song,01,neutral,normal,01,01,8,female
../../data\Actor_08\03-02-01-01-01-02-08.wav,03-02-01-01-01-02-08.wav,03,song,01,neutral,normal,01,02,8,female
../../data\Actor_08\03-02-01-01-02-01-08.wav,03-02-01-01-02-01-08.wav,03,song,01,neutral,normal,02,01,8,female
../../data\Actor_08\03-02-01-01-02-02-08.wav,03-02-01-01-02-02-08.wav,03,song,01,neutral,normal,02,02,8,female
../../data\Actor_08\03-02-02-01-01-01-08.wav,03-02-02-01-01-01-08.wav,03,song,02,calm,normal,01,01,8,female
../../data\Actor_08\03-02-02-01-01-02-08.wav,03-02-02-01-01-02-08.wav,03,song,02,calm,normal,01,02,8,female
../../data\Actor_08\03-02-02-01-02-01-08.wav,03-02-02-01-02-01-08.wav,03,song,02,calm,normal,02,01,8,female
../../data\Actor_08\03-02-02-01-02-02-08.wav,03-02-02-01-02-02-08.wav,03,song,02,calm,normal,02,02,8,female
../../data\Actor_08\03-02-02-02-01-01-08.wav,03-02-02-02-01-01-08.wav,03,song,02,calm,strong,01,01,8,female
../../data\Actor_08\03-02-02-02-01-02-08.wav,03-02-02-02-01-02-08.wav,03,song,02,calm,strong,01,02,8,female
../../data\Actor_08\03-02-02-02-02-01-08.wav,03-02-02-02-02-01-08.wav,03,song,02,calm,strong,02,01,8,female
../../data\Actor_08\03-02-02-02-02-02-08.wav,03-02-02-02-02-02-08.wav,03,song,02,calm,strong,02,02,8,female
../../data\Actor_08\03-02-03-01-01-01-08.wav,03-02-03-01-01-01-08.wav,03,song,03,happy,normal,01,01,8,female
../../data\Actor_08\03-02-03-01-01-02-08.wav,03-02-03-01-01-02-08.wav,03,song,03,happy,normal,01,02,8,female
../../data\Actor_08\03-02-03-01-02-01-08.wav,03-02-03-01-02-01-08.wav,03,song,03,happy,normal,02,01,8,female
../../data\Actor_08\03-02-03-01-02-02-08.wav,03-02-03-01-02-02-08.wav,03,song,03,happy,normal,02,02,8,female
../../data\Actor_08\03-02-03-02-01-01-08.wav,03-02-03-02-01-01-08.wav,03,song,03,happy,strong,01,01,8,female
../../data\Actor_08\03-02-03-02-01-02-08.wav,03-02-03-02-01-02-08.wav,03,song,03,happy,strong,01,02,8,female
../../data\Actor_08\03-02-03-02-02-01-08.wav,03-02-03-02-02-01-08.wav,03,song,03,happy,strong,02,01,8,female
../../data\Actor_08\03-02-03-02-02-02-08.wav,03-02-03-02-02-02-08.wav,03,song,03,happy,strong,02,02,8,female
../../data\Actor_08\03-02-04-01-01-01-08.wav,03-02-04-01-01-01-08.wav,03,song,04,sad,normal,01,01,8,female
../../data\Actor_08\03-02-04-01-01-02-08.wav,03-02-04-01-01-02-08.wav,03,song,04,sad,normal,01,02,8,female
../../data\Actor_08\03-02-04-01-02-01-08.wav,03-02-04-01-02-01-08.wav,03,song,04,sad,normal,02,01,8,female
../../data\Actor_08\03-02-04-01-02-02-08.wav,03-02-04-01-02-02-08.wav,03,song,04,sad,normal,02,02,8,female
../../data\Actor_08\03-02-04-02-01-01-08.wav,03-02-04-02-01-01-08.wav,03,song,04,sad,strong,01,01,8,female
../../data\Actor_08\03-02-04-02-01-02-08.wav,03-02-04-02-01-02-08.wav,03,song,04,sad,strong,01,02,8,female
../../data\Actor_08\03-02-04-02-02-01-08.wav,03-02-04-02-02-01-08.wav,03,song,04,sad,strong,02,01,8,female
../../data\Actor_08\03-02-04-02-02-02-08.wav,03-02-04-02-02-02-08.wav,03,song,04,sad,strong,02,02,8,female
../../data\Actor_08\03-02-05-01-01-01-08.wav,03-02-05-01-01-01-08.wav,03,song,05,angry,normal,01,01,8,female
../../data\Actor_08\03-02-05-01-01-02-08.wav,03-02-05-01-01-02-08.wav,03,song,05,angry,normal,01,02,8,female
../../data\Actor_08\03-02-05-01-02-01-08.wav,03-02-05-01-02-01-08.wav,03,song,05,angry,normal,02,01,8,female
../../data\Actor_08\03-02-05-01-02-02-08.wav,03-02-05-01-02-02-08.wav,03,song,05,angry,normal,02,02,8,female
../../data\Actor_08\03-02-05-02-01-01-08.wav,03-02-05-02-01-01-08.wav,03,song,05,angry,strong,01,01,8,female
../../data\Actor_08\03-02-05-02-01-02-08.wav,03-02-05-02-01-02-08.wav,03,song,05,angry,strong,01,02,8,female
../../data\Actor_08\03-02-05-02-02-01-08.wav,03-02-05-02-02-01-08.wav,03,song,05,angry,strong,02,01,8,female
../../data\Actor_08\03-02-05-02-02-02-08.wav,03-02-05-02-02-02-08.wav,03,song,05,angry,strong,02,02,8,female
../../data\Actor_08\03-02-06-01-01-01-08.wav,03-02-06-01-01-01-08.wav,03,song,06,fearful,normal,01,01,8,female
../../data\Actor_08\03-02-06-01-01-02-08.wav,03-02-06-01-01-02-08.wav,03,song,06,fearful,normal,01,02,8,female
../../data\Actor_08\03-02-06-01-02-01-08.wav,03-02-06-01-02-01-08.wav,03,song,06,fearful,normal,02,01,8,female
../../data\Actor_08\03-02-06-01-02-02-08.wav,03-02-06-01-02-02-08.wav,03,song,06,fearful,normal,02,02,8,female
../../data\Actor_08\03-02-06-02-01-01-08.wav,03-02-06-02-01-01-08.wav,03,song,06,fearful,strong,01,01,8,female
../../data\Actor_08\03-02-06-02-01-02-08.wav,03-02-06-02-01-02-08.wav,03,song,06,fearful,strong,01,02,8,female
../../data\Actor_08\03-02-06-02-02-01-08.wav,03-02-06-02-02-01-08.wav,03,song,06,fearful,strong,02,01,8,female
../../data\Actor_08\03-02-06-02-02-02-08.wav,03-02-06-02-02-02-08.wav,03,song,06,fearful,strong,02,02,8,female
../../data\Actor_09\03-01-01-01-01-01-09.wav,03-01-01-01-01-01-09.wav,03,speech,01,neutral,normal,01,01,9,male
../../data\Actor_09\03-01-01-01-01-02-09.wav,03-01-01-01-01-02-09.wav,03,speech,01,neutral,normal,01,02,9,male
../../data\Actor_09\03-01-01-01-02-01-09.wav,03-01-01-01-02-01-09.wav,03,speech,01,neutral,normal,02,01,9,male
../../data\Actor_09\03-01-01-01-02-02-09.wav,03-01-01-01-02-02-09.wav,03,speech,01,neutral,normal,02,02,9,male
../../data\Actor_09\03-01-02-01-01-01-09.wav,03-01-02-01-01-01-09.wav,03,speech,02,calm,normal,01,01,9,male
../../data\Actor_09\03-01-02-01-01-02-09.wav,03-01-02-01-01-02-09.wav,03,speech,02,calm,normal,01,02,9,male
../../data\Actor_09\03-01-02-01-02-01-09.wav,03-01-02-01-02-01-09.wav,03,speech,02,calm,normal,02,01,9,male
../../data\Actor_09\03-01-02-01-02-02-09.wav,03-01-02-01-02-02-09.wav,03,speech,02,calm,normal,02,02,9,male
../../data\Actor_09\03-01-02-02-01-01-09.wav,03-01-02-02-01-01-09.wav,03,speech,02,calm,strong,01,01,9,male
../../data\Actor_09\03-01-02-02-01-02-09.wav,03-01-02-02-01-02-09.wav,03,speech,02,calm,strong,01,02,9,male
../../data\Actor_09\03-01-02-02-02-01-09.wav,03-01-02-02-02-01-09.wav,03,speech,02,calm,strong,02,01,9,male
../../data\Actor_09\03-01-02-02-02-02-09.wav,03-01-02-02-02-02-09.wav,03,speech,02,calm,strong,02,02,9,male
../../data\Actor_09\03-01-03-01-01-01-09.wav,03-01-03-01-01-01-09.wav,03,speech,03,happy,normal,01,01,9,male
../../data\Actor_09\03-01-03-01-01-02-09.wav,03-01-03-01-01-02-09.wav,03,speech,03,happy,normal,01,02,9,male
../../data\Actor_09\03-01-03-01-02-01-09.wav,03-01-03-01-02-01-09.wav,03,speech,03,happy,normal,02,01,9,male
../../data\Actor_09\03-01-03-01-02-02-09.wav,03-01-03-01-02-02-09.wav,03,speech,03,happy,normal,02,02,9,male
../../data\Actor_09\03-01-03-02-01-01-09.wav,03-01-03-02-01-01-09.wav,03,speech,03,happy,strong,01,01,9,male
../../data\Actor_09\03-01-03-02-01-02-09.wav,03-01-03-02-01-02-09.wav,03,speech,03,happy,strong,01,02,9,male
../../data\Actor_09\03-01-03-02-02-01-09.wav,03-01-03-02-02-01-09.wav,03,speech,03,happy,strong,02,01,9,male
../../data\Actor_09\03-01-03-02-02-02-09.wav,03-01-03-02-02-02-09.wav,03,speech,03,happy,strong,02,02,9,male
../../data\Actor_09\03-01-04-01-01-01-09.wav,03-01-04-01-01-01-09.wav,03,speech,04,sad,normal,01,01,9,male
../../data\Actor_09\03-01-04-01-01-02-09.wav,03-01-04-01-01-02-09.wav,03,speech,04,sad,normal,01,02,9,male
../../data\Actor_09\03-01-04-01-02-01-09.wav,03-01-04-01-02-01-09.wav,03,speech,04,sad,normal,02,01,9,male
../../data\Actor_09\03-01-04-01-02-02-09.wav,03-01-04-01-02-02-09.wav,03,speech,04,sad,normal,02,02,9,male
../../data\Actor_09\03-01-04-02-01-01-09.wav,03-01-04-02-01-01-09.wav,03,speech,04,sad,strong,01,01,9,male
../../data\Actor_09\03-01-04-02-01-02-09.wav,03-01-04-02-01-02-09.wav,03,speech,04,sad,strong,01,02,9,male
../../data\Actor_09\03-01-04-02-02-01-09.wav,03-01-04-02-02-01-09.wav,03,speech,04,sad,strong,02,01,9,male
../../data\Actor_09\03-01-04-02-02-02-09.wav,03-01-04-02-02-02-09.wav,03,speech,04,sad,strong,02,02,9,male
../../data\Actor_09\03-01-05-01-01-01-09.wav,03-01-05-01-01-01-09.wav,03,speech,05,angry,normal,01,01,9,male
../../data\Actor_09\03-01-05-01-01-02-09.wav,03-01-05-01-01-02-09.wav,03,speech,05,angry,normal,01,02,9,male
../../data\Actor_09\03-01-05-01-02-01-09.wav,03-01-05-01-02-01-09.wav,03,speech,05,angry,normal,02,01,9,male
../../data\Actor_09\03-01-05-01-02-02-09.wav,03-01-05-01-02-02-09.wav,03,speech,05,angry,normal,02,02,9,male
../../data\Actor_09\03-01-05-02-01-01-09.wav,03-01-05-02-01-01-09.wav,03,speech,05,angry,strong,01,01,9,male
../../data\Actor_09\03-01-05-02-01-02-09.wav,03-01-05-02-01-02-09.wav,03,speech,05,angry,strong,01,02,9,male
../../data\Actor_09\03-01-05-02-02-01-09.wav,03-01-05-02-02-01-09.wav,03,speech,05,angry,strong,02,01,9,male
../../data\Actor_09\03-01-05-02-02-02-09.wav,03-01-05-02-02-02-09.wav,03,speech,05,angry,strong,02,02,9,male
../../data\Actor_09\03-01-06-01-01-01-09.wav,03-01-06-01-01-01-09.wav,03,speech,06,fearful,normal,01,01,9,male
../../data\Actor_09\03-01-06-01-01-02-09.wav,03-01-06-01-01-02-09.wav,03,speech,06,fearful,normal,01,02,9,male
../../data\Actor_09\03-01-06-01-02-01-09.wav,03-01-06-01-02-01-09.wav,03,speech,06,fearful,normal,02,01,9,male
../../data\Actor_09\03-01-06-01-02-02-09.wav,03-01-06-01-02-02-09.wav,03,speech,06,fearful,normal,02,02,9,male
../../data\Actor_09\03-01-06-02-01-01-09.wav,03-01-06-02-01-01-09.wav,03,speech,06,fearful,strong,01,01,9,male
../../data\Actor_09\03-01-06-02-01-02-09.wav,03-01-06-02-01-02-09.wav,03,speech,06,fearful,strong,01,02,9,male
../../data\Actor_09\03-01-06-02-02-01-09.wav,03-01-06-02-02-01-09.wav,03,speech,06,fearful,strong,02,01,9,male
../../data\Actor_09\03-01-06-02-02-02-09.wav,03-01-06-02-02-02-09.wav,03,speech,06,fearful,strong,02,02,9,male
../../data\Actor_09\03-01-07-01-01-01-09.wav,03-01-07-01-01-01-09.wav,03,speech,07,disgust,normal,01,01,9,male
../../data\Actor_09\03-01-07-01-01-02-09.wav,03-01-07-01-01-02-09.wav,03,speech,07,disgust,normal,01,02,9,male
../../data\Actor_09\03-01-07-01-02-01-09.wav,03-01-07-01-02-01-09.wav,03,speech,07,disgust,normal,02,01,9,male
../../data\Actor_09\03-01-07-01-02-02-09.wav,03-01-07-01-02-02-09.wav,03,speech,07,disgust,normal,02,02,9,male
../../data\Actor_09\03-01-07-02-01-01-09.wav,03-01-07-02-01-01-09.wav,03,speech,07,disgust,strong,01,01,9,male
../../data\Actor_09\03-01-07-02-01-02-09.wav,03-01-07-02-01-02-09.wav,03,speech,07,disgust,strong,01,02,9,male
../../data\Actor_09\03-01-07-02-02-01-09.wav,03-01-07-02-02-01-09.wav,03,speech,07,disgust,strong,02,01,9,male
../../data\Actor_09\03-01-07-02-02-02-09.wav,03-01-07-02-02-02-09.wav,03,speech,07,disgust,strong,02,02,9,male
../../data\Actor_09\03-01-08-01-01-01-09.wav,03-01-08-01-01-01-09.wav,03,speech,08,surprised,normal,01,01,9,male
../../data\Actor_09\03-01-08-01-01-02-09.wav,03-01-08-01-01-02-09.wav,03,speech,08,surprised,normal,01,02,9,male
../../data\Actor_09\03-01-08-01-02-01-09.wav,03-01-08-01-02-01-09.wav,03,speech,08,surprised,normal,02,01,9,male
../../data\Actor_09\03-01-08-01-02-02-09.wav,03-01-08-01-02-02-09.wav,03,speech,08,surprised,normal,02,02,9,male
../../data\Actor_09\03-01-08-02-01-01-09.wav,03-01-08-02-01-01-09.wav,03,speech,08,surprised,strong,01,01,9,male
../../data\Actor_09\03-01-08-02-01-02-09.wav,03-01-08-02-01-02-09.wav,03,speech,08,surprised,strong,01,02,9,male
../../data\Actor_09\03-01-08-02-02-01-09.wav,03-01-08-02-02-01-09.wav,03,speech,08,surprised,strong,02,01,9,male
../../data\Actor_09\03-01-08-02-02-02-09.wav,03-01-08-02-02-02-09.wav,03,speech,08,surprised,strong,02,02,9,male
../../data\Actor_09\03-02-01-01-01-01-09.wav,03-02-01-01-01-01-09.wav,03,song,01,neutral,normal,01,01,9,male
../../data\Actor_09\03-02-01-01-01-02-09.wav,03-02-01-01-01-02-09.wav,03,song,01,neutral,normal,01,02,9,male
../../data\Actor_09\03-02-01-01-02-01-09.wav,03-02-01-01-02-01-09.wav,03,song,01,neutral,normal,02,01,9,male
../../data\Actor_09\03-02-01-01-02-02-09.wav,03-02-01-01-02-02-09.wav,03,song,01,neutral,normal,02,02,9,male
../../data\Actor_09\03-02-02-01-01-01-09.wav,03-02-02-01-01-01-09.wav,03,song,02,calm,normal,01,01,9,male
../../data\Actor_09\03-02-02-01-01-02-09.wav,03-02-02-01-01-02-09.wav,03,song,02,calm,normal,01,02,9,male
../../data\Actor_09\03-02-02-01-02-01-09.wav,03-02-02-01-02-01-09.wav,03,song,02,calm,normal,02,01,9,male
../../data\Actor_09\03-02-02-01-02-02-09.wav,03-02-02-01-02-02-09.wav,03,song,02,calm,normal,02,02,9,male
../../data\Actor_09\03-02-02-02-01-01-09.wav,03-02-02-02-01-01-09.wav,03,song,02,calm,strong,01,01,9,male
../../data\Actor_09\03-02-02-02-01-02-09.wav,03-02-02-02-01-02-09.wav,03,song,02,calm,strong,01,02,9,male
../../data\Actor_09\03-02-02-02-02-01-09.wav,03-02-02-02-02-01-09.wav,03,song,02,calm,strong,02,01,9,male
../../data\Actor_09\03-02-02-02-02-02-09.wav,03-02-02-02-02-02-09.wav,03,song,02,calm,strong,02,02,9,male
../../data\Actor_09\03-02-03-01-01-01-09.wav,03-02-03-01-01-01-09.wav,03,song,03,happy,normal,01,01,9,male
../../data\Actor_09\03-02-03-01-01-02-09.wav,03-02-03-01-01-02-09.wav,03,song,03,happy,normal,01,02,9,male
../../data\Actor_09\03-02-03-01-02-01-09.wav,03-02-03-01-02-01-09.wav,03,song,03,happy,normal,02,01,9,male
../../data\Actor_09\03-02-03-01-02-02-09.wav,03-02-03-01-02-02-09.wav,03,song,03,happy,normal,02,02,9,male
../../data\Actor_09\03-02-03-02-01-01-09.wav,03-02-03-02-01-01-09.wav,03,song,03,happy,strong,01,01,9,male
../../data\Actor_09\03-02-03-02-01-02-09.wav,03-02-03-02-01-02-09.wav,03,song,03,happy,strong,01,02,9,male
../../data\Actor_09\03-02-03-02-02-01-09.wav,03-02-03-02-02-01-09.wav,03,song,03,happy,strong,02,01,9,male
../../data\Actor_09\03-02-03-02-02-02-09.wav,03-02-03-02-02-02-09.wav,03,song,03,happy,strong,02,02,9,male
../../data\Actor_09\03-02-04-01-01-01-09.wav,03-02-04-01-01-01-09.wav,03,song,04,sad,normal,01,01,9,male
../../data\Actor_09\03-02-04-01-01-02-09.wav,03-02-04-01-01-02-09.wav,03,song,04,sad,normal,01,02,9,male
../../data\Actor_09\03-02-04-01-02-01-09.wav,03-02-04-01-02-01-09.wav,03,song,04,sad,normal,02,01,9,male
../../data\Actor_09\03-02-04-01-02-02-09.wav,03-02-04-01-02-02-09.wav,03,song,04,sad,normal,02,02,9,male
../../data\Actor_09\03-02-04-02-01-01-09.wav,03-02-04-02-01-01-09.wav,03,song,04,sad,strong,01,01,9,male
../../data\Actor_09\03-02-04-02-01-02-09.wav,03-02-04-02-01-02-09.wav,03,song,04,sad,strong,01,02,9,male
../../data\Actor_09\03-02-04-02-02-01-09.wav,03-02-04-02-02-01-09.wav,03,song,04,sad,strong,02,01,9,male
../../data\Actor_09\03-02-04-02-02-02-09.wav,03-02-04-02-02-02-09.wav,03,song,04,sad,strong,02,02,9,male
../../data\Actor_09\03-02-05-01-01-01-09.wav,03-02-05-01-01-01-09.wav,03,song,05,angry,normal,01,01,9,male
../../data\Actor_09\03-02-05-01-01-02-09.wav,03-02-05-01-01-02-09.wav,03,song,05,angry,normal,01,02,9,male
../../data\Actor_09\03-02-05-01-02-01-09.wav,03-02-05-01-02-01-09.wav,03,song,05,angry,normal,02,01,9,male
../../data\Actor_09\03-02-05-01-02-02-09.wav,03-02-05-01-02-02-09.wav,03,song,05,angry,normal,02,02,9,male
../../data\Actor_09\03-02-05-02-01-01-09.wav,03-02-05-02-01-01-09.wav,03,song,05,angry,strong,01,01,9,male
../../data\Actor_09\03-02-05-02-01-02-09.wav,03-02-05-02-01-02-09.wav,03,song,05,angry,strong,01,02,9,male
../../data\Actor_09\03-02-05-02-02-01-09.wav,03-02-05-02-02-01-09.wav,03,song,05,angry,strong,02,01,9,male
../../data\Actor_09\03-02-05-02-02-02-09.wav,03-02-05-02-02-02-09.wav,03,song,05,angry,strong,02,02,9,male
../../data\Actor_09\03-02-06-01-01-01-09.wav,03-02-06-01-01-01-09.wav,03,song,06,fearful,normal,01,01,9,male
../../data\Actor_09\03-02-06-01-01-02-09.wav,03-02-06-01-01-02-09.wav,03,song,06,fearful,normal,01,02,9,male
../../data\Actor_09\03-02-06-01-02-01-09.wav,03-02-06-01-02-01-09.wav,03,song,06,fearful,normal,02,01,9,male
../../data\Actor_09\03-02-06-01-02-02-09.wav,03-02-06-01-02-02-09.wav,03,song,06,fearful,normal,02,02,9,male
../../data\Actor_09\03-02-06-02-01-01-09.wav,03-02-06-02-01-01-09.wav,03,song,06,fearful,strong,01,01,9,male
../../data\Actor_09\03-02-06-02-01-02-09.wav,03-02-06-02-01-02-09.wav,03,song,06,fearful,strong,01,02,9,male
../../data\Actor_09\03-02-06-02-02-01-09.wav,03-02-06-02-02-01-09.wav,03,song,06,fearful,strong,02,01,9,male
../../data\Actor_09\03-02-06-02-02-02-09.wav,03-02-06-02-02-02-09.wav,03,song,06,fearful,strong,02,02,9,male
../../data\Actor_10\03-01-01-01-01-01-10.wav,03-01-01-01-01-01-10.wav,03,speech,01,neutral,normal,01,01,10,female
../../data\Actor_10\03-01-01-01-01-02-10.wav,03-01-01-01-01-02-10.wav,03,speech,01,neutral,normal,01,02,10,female
../../data\Actor_10\03-01-01-01-02-01-10.wav,03-01-01-01-02-01-10.wav,03,speech,01,neutral,normal,02,01,10,female
../../data\Actor_10\03-01-01-01-02-02-10.wav,03-01-01-01-02-02-10.wav,03,speech,01,neutral,normal,02,02,10,female
../../data\Actor_10\03-01-02-01-01-01-10.wav,03-01-02-01-01-01-10.wav,03,speech,02,calm,normal,01,01,10,female
../../data\Actor_10\03-01-02-01-01-02-10.wav,03-01-02-01-01-02-10.wav,03,speech,02,calm,normal,01,02,10,female
../../data\Actor_10\03-01-02-01-02-01-10.wav,03-01-02-01-02-01-10.wav,03,speech,02,calm,normal,02,01,10,female
../../data\Actor_10\03-01-02-01-02-02-10.wav,03-01-02-01-02-02-10.wav,03,speech,02,calm,normal,02,02,10,female
../../data\Actor_10\03-01-02-02-01-01-10.wav,03-01-02-02-01-01-10.wav,03,speech,02,calm,strong,01,01,10,female
../../data\Actor_10\03-01-02-02-01-02-10.wav,03-01-02-02-01-02-10.wav,03,speech,02,calm,strong,01,02,10,female
../../data\Actor_10\03-01-02-02-02-01-10.wav,03-01-02-02-02-01-10.wav,03,speech,02,calm,strong,02,01,10,female
../../data\Actor_10\03-01-02-02-02-02-10.wav,03-01-02-02-02-02-10.wav,03,speech,02,calm,strong,02,02,10,female
../../data\Actor_10\03-01-03-01-01-01-10.wav,03-01-03-01-01-01-10.wav,03,speech,03,happy,normal,01,01,10,female
../../data\Actor_10\03-01-03-01-01-02-10.wav,03-01-03-01-01-02-10.wav,03,speech,03,happy,normal,01,02,10,female
../../data\Actor_10\03-01-03-01-02-01-10.wav,03-01-03-01-02-01-10.wav,03,speech,03,happy,normal,02,01,10,female
../../data\Actor_10\03-01-03-01-02-02-10.wav,03-01-03-01-02-02-10.wav,03,speech,03,happy,normal,02,02,10,female
../../data\Actor_10\03-01-03-02-01-01-10.wav,03-01-03-02-01-01-10.wav,03,speech,03,happy,strong,01,01,10,female
../../data\Actor_10\03-01-03-02-01-02-10.wav,03-01-03-02-01-02-10.wav,03,speech,03,happy,strong,01,02,10,female
../../data\Actor_10\03-01-03-02-02-01-10.wav,03-01-03-02-02-01-10.wav,03,speech,03,happy,strong,02,01,10,female
../../data\Actor_10\03-01-03-02-02-02-10.wav,03-01-03-02-02-02-10.wav,03,speech,03,happy,strong,02,02,10,female
../../data\Actor_10\03-01-04-01-01-01-10.wav,03-01-04-01-01-01-10.wav,03,speech,04,sad,normal,01,01,10,female
../../data\Actor_10\03-01-04-01-01-02-10.wav,03-01-04-01-01-02-10.wav,03,speech,04,sad,normal,01,02,10,female
../../data\Actor_10\03-01-04-01-02-01-10.wav,03-01-04-01-02-01-10.wav,03,speech,04,sad,normal,02,01,10,female
../../data\Actor_10\03-01-04-01-02-02-10.wav,03-01-04-01-02-02-10.wav,03,speech,04,sad,normal,02,02,10,female
../../data\Actor_10\03-01-04-02-01-01-10.wav,03-01-04-02-01-01-10.wav,03,speech,04,sad,strong,01,01,10,female
../../data\Actor_10\03-01-04-02-01-02-10.wav,03-01-04-02-01-02-10.wav,03,speech,04,sad,strong,01,02,10,female
../../data\Actor_10\03-01-04-02-02-01-10.wav,03-01-04-02-02-01-10.wav,03,speech,04,sad,strong,02,01,10,female
../../data\Actor_10\03-01-04-02-02-02-10.wav,03-01-04-02-02-02-10.wav,03,speech,04,sad,strong,02,02,10,female
../../data\Actor_10\03-01-05-01-01-01-10.wav,03-01-05-01-01-01-10.wav,03,speech,05,angry,normal,01,01,10,female
../../data\Actor_10\03-01-05-01-01-02-10.wav,03-01-05-01-01-02-10.wav,03,speech,05,angry,normal,01,02,10,female
../../data\Actor_10\03-01-05-01-02-01-10.wav,03-01-05-01-02-01-10.wav,03,speech,05,angry,normal,02,01,10,female
../../data\Actor_10\03-01-05-01-02-02-10.wav,03-01-05-01-02-02-10.wav,03,speech,05,angry,normal,02,02,10,female
../../data\Actor_10\03-01-05-02-01-01-10.wav,03-01-05-02-01-01-10.wav,03,speech,05,angry,strong,01,01,10,female
../../data\Actor_10\03-01-05-02-01-02-10.wav,03-01-05-02-01-02-10.wav,03,speech,05,angry,strong,01,02,10,female
../../data\Actor_10\03-01-05-02-02-01-10.wav,03-01-05-02-02-01-10.wav,03,speech,05,angry,strong,02,01,10,female
../../data\Actor_10\03-01-05-02-02-02-10.wav,03-01-05-02-02-02-10.wav,03,speech,05,angry,strong,02,02,10,female
../../data\Actor_10\03-01-06-01-01-01-10.wav,03-01-06-01-01-01-10.wav,03,speech,06,fearful,normal,01,01,10,female
../../data\Actor_10\03-01-06-01-01-02-10.wav,03-01-06-01-01-02-10.wav,03,speech,06,fearful,normal,01,02,10,female
../../data\Actor_10\03-01-06-01-02-01-10.wav,03-01-06-01-02-01-10.wav,03,speech,06,fearful,normal,02,01,10,female
../../data\Actor_10\03-01-06-01-02-02-10.wav,03-01-06-01-02-02-10.wav,03,speech,06,fearful,normal,02,02,10,female
../../data\Actor_10\03-01-06-02-01-01-10.wav,03-01-06-02-01-01-10.wav,03,speech,06,fearful,strong,01,01,10,female
../../data\Actor_10\03-01-06-02-01-02-10.wav,03-01-06-02-01-02-10.wav,03,speech,06,fearful,strong,01,02,10,female
../../data\Actor_10\03-01-06-02-02-01-10.wav,03-01-06-02-02-01-10.wav,03,speech,06,fearful,strong,02,01,10,female
../../data\Actor_10\03-01-06-02-02-02-10.wav,03-01-06-02-02-02-10.wav,03,speech,06,fearful,strong,02,02,10,female
../../data\Actor_10\03-01-07-01-01-01-10.wav,03-01-07-01-01-01-10.wav,03,speech,07,disgust,normal,01,01,10,female
../../data\Actor_10\03-01-07-01-01-02-10.wav,03-01-07-01-01-02-10.wav,03,speech,07,disgust,normal,01,02,10,female
../../data\Actor_10\03-01-07-01-02-01-10.wav,03-01-07-01-02-01-10.wav,03,speech,07,disgust,normal,02,01,10,female
../../data\Actor_10\03-01-07-01-02-02-10.wav,03-01-07-01-02-02-10.wav,03,speech,07,disgust,normal,02,02,10,female
../../data\Actor_10\03-01-07-02-01-01-10.wav,03-01-07-02-01-01-10.wav,03,speech,07,disgust,strong,01,01,10,female
../../data\Actor_10\03-01-07-02-01-02-10.wav,03-01-07-02-01-02-10.wav,03,speech,07,disgust,strong,01,02,10,female
../../data\Actor_10\03-01-07-02-02-01-10.wav,03-01-07-02-02-01-10.wav,03,speech,07,disgust,strong,02,01,10,female
../../data\Actor_10\03-01-07-02-02-02-10.wav,03-01-07-02-02-02-10.wav,03,speech,07,disgust,strong,02,02,10,female
../../data\Actor_10\03-01-08-01-01-01-10.wav,03-01-08-01-01-01-10.wav,03,speech,08,surprised,normal,01,01,10,female
../../data\Actor_10\03-01-08-01-01-02-10.wav,03-01-08-01-01-02-10.wav,03,speech,08,surprised,normal,01,02,10,female
../../data\Actor_10\03-01-08-01-02-01-10.wav,03-01-08-01-02-01-10.wav,03,speech,08,surprised,normal,02,01,10,female
../../data\Actor_10\03-01-08-01-02-02-10.wav,03-01-08-01-02-02-10.wav,03,speech,08,surprised,normal,02,02,10,female
../../data\Actor_10\03-01-08-02-01-01-10.wav,03-01-08-02-01-01-10.wav,03,speech,08,surprised,strong,01,01,10,female
../../data\Actor_10\03-01-08-02-01-02-10.wav,03-01-08-02-01-02-10.wav,03,speech,08,surprised,strong,01,02,10,female
../../data\Actor_10\03-01-08-02-02-01-10.wav,03-01-08-02-02-01-10.wav,03,speech,08,surprised,strong,02,01,10,female
../../data\Actor_10\03-01-08-02-02-02-10.wav,03-01-08-02-02-02-10.wav,03,speech,08,surprised,strong,02,02,10,female
../../data\Actor_10\03-02-01-01-01-01-10.wav,03-02-01-01-01-01-10.wav,03,song,01,neutral,normal,01,01,10,female
../../data\Actor_10\03-02-01-01-01-02-10.wav,03-02-01-01-01-02-10.wav,03,song,01,neutral,normal,01,02,10,female
../../data\Actor_10\03-02-01-01-02-01-10.wav,03-02-01-01-02-01-10.wav,03,song,01,neutral,normal,02,01,10,female
../../data\Actor_10\03-02-01-01-02-02-10.wav,03-02-01-01-02-02-10.wav,03,song,01,neutral,normal,02,02,10,female
../../data\Actor_10\03-02-02-01-01-01-10.wav,03-02-02-01-01-01-10.wav,03,song,02,calm,normal,01,01,10,female
../../data\Actor_10\03-02-02-01-01-02-10.wav,03-02-02-01-01-02-10.wav,03,song,02,calm,normal,01,02,10,female
../../data\Actor_10\03-02-02-01-02-01-10.wav,03-02-02-01-02-01-10.wav,03,song,02,calm,normal,02,01,10,female
../../data\Actor_10\03-02-02-01-02-02-10.wav,03-02-02-01-02-02-10.wav,03,song,02,calm,normal,02,02,10,female
../../data\Actor_10\03-02-02-02-01-01-10.wav,03-02-02-02-01-01-10.wav,03,song,02,calm,strong,01,01,10,female
../../data\Actor_10\03-02-02-02-01-02-10.wav,03-02-02-02-01-02-10.wav,03,song,02,calm,strong,01,02,10,female
../../data\Actor_10\03-02-02-02-02-01-10.wav,03-02-02-02-02-01-10.wav,03,song,02,calm,strong,02,01,10,female
../../data\Actor_10\03-02-02-02-02-02-10.wav,03-02-02-02-02-02-10.wav,03,song,02,calm,strong,02,02,10,female
../../data\Actor_10\03-02-03-01-01-01-10.wav,03-02-03-01-01-01-10.wav,03,song,03,happy,normal,01,01,10,female
../../data\Actor_10\03-02-03-01-01-02-10.wav,03-02-03-01-01-02-10.wav,03,song,03,happy,normal,01,02,10,female
../../data\Actor_10\03-02-03-01-02-01-10.wav,03-02-03-01-02-01-10.wav,03,song,03,happy,normal,02,01,10,female
../../data\Actor_10\03-02-03-01-02-02-10.wav,03-02-03-01-02-02-10.wav,03,song,03,happy,normal,02,02,10,female
../../data\Actor_10\03-02-03-02-01-01-10.wav,03-02-03-02-01-01-10.wav,03,song,03,happy,strong,01,01,10,female
../../data\Actor_10\03-02-03-02-01-02-10.wav,03-02-03-02-01-02-10.wav,03,song,03,happy,strong,01,02,10,female
../../data\Actor_10\03-02-03-02-02-01-10.wav,03-02-03-02-02-01-10.wav,03,song,03,happy,strong,02,01,10,female
../../data\Actor_10\03-02-03-02-02-02-10.wav,03-02-03-02-02-02-10.wav,03,song,03,happy,strong,02,02,10,female
../../data\Actor_10\03-02-04-01-01-01-10.wav,03-02-04-01-01-01-10.wav,03,song,04,sad,normal,01,01,10,female
../../data\Actor_10\03-02-04-01-01-02-10.wav,03-02-04-01-01-02-10.wav,03,song,04,sad,normal,01,02,10,female
../../data\Actor_10\03-02-04-01-02-01-10.wav,03-02-04-01-02-01-10.wav,03,song,04,sad,normal,02,01,10,female
../../data\Actor_10\03-02-04-01-02-02-10.wav,03-02-04-01-02-02-10.wav,03,song,04,sad,normal,02,02,10,female
../../data\Actor_10\03-02-04-02-01-01-10.wav,03-02-04-02-01-01-10.wav,03,song,04,sad,strong,01,01,10,female
../../data\Actor_10\03-02-04-02-01-02-10.wav,03-02-04-02-01-02-10.wav,03,song,04,sad,strong,01,02,10,female
../../data\Actor_10\03-02-04-02-02-01-10.wav,03-02-04-02-02-01-10.wav,03,song,04,sad,strong,02,01,10,female
../../data\Actor_10\03-02-04-02-02-02-10.wav,03-02-04-02-02-02-10.wav,03,song,04,sad,strong,02,02,10,female
../../data\Actor_10\03-02-05-01-01-01-10.wav,03-02-05-01-01-01-10.wav,03,song,05,angry,normal,01,01,10,female
../../data\Actor_10\03-02-05-01-01-02-10.wav,03-02-05-01-01-02-10.wav,03,song,05,angry,normal,01,02,10,female
../../data\Actor_10\03-02-05-01-02-01-10.wav,03-02-05-01-02-01-10.wav,03,song,05,angry,normal,02,01,10,female
../../data\Actor_10\03-02-05-01-02-02-10.wav,03-02-05-01-02-02-10.wav,03,song,05,angry,normal,02,02,10,female
../../data\Actor_10\03-02-05-02-01-01-10.wav,03-02-05-02-01-01-10.wav,03,song,05,angry,strong,01,01,10,female
../../data\Actor_10\03-02-05-02-01-02-10.wav,03-02-05-02-01-02-10.wav,03,song,05,angry,strong,01,02,10,female
../../data\Actor_10\03-02-05-02-02-01-10.wav,03-02-05-02-02-01-10.wav,03,song,05,angry,strong,02,01,10,female
../../data\Actor_10\03-02-05-02-02-02-10.wav,03-02-05-02-02-02-10.wav,03,song,05,angry,strong,02,02,10,female
../../data\Actor_10\03-02-06-01-01-01-10.wav,03-02-06-01-01-01-10.wav,03,song,06,fearful,normal,01,01,10,female
../../data\Actor_10\03-02-06-01-01-02-10.wav,03-02-06-01-01-02-10.wav,03,song,06,fearful,normal,01,02,10,female
../../data\Actor_10\03-02-06-01-02-01-10.wav,03-02-06-01-02-01-10.wav,03,song,06,fearful,normal,02,01,10,female
../../data\Actor_10\03-02-06-01-02-02-10.wav,03-02-06-01-02-02-10.wav,03,song,06,fearful,normal,02,02,10,female
../../data\Actor_10\03-02-06-02-01-01-10.wav,03-02-06-02-01-01-10.wav,03,song,06,fearful,strong,01,01,10,female
../../data\Actor_10\03-02-06-02-01-02-10.wav,03-02-06-02-01-02-10.wav,03,song,06,fearful,strong,01,02,10,female
../../data\Actor_10\03-02-06-02-02-01-10.wav,03-02-06-02-02-01-10.wav,03,song,06,fearful,strong,02,01,10,female
../../data\Actor_10\03-02-06-02-02-02-10.wav,03-02-06-02-02-02-10.wav,03,song,06,fearful,strong,02,02,10,female
../../data\Actor_11\03-01-01-01-01-01-11.wav,03-01-01-01-01-01-11.wav,03,speech,01,neutral,normal,01,01,11,male
../../data\Actor_11\03-01-01-01-01-02-11.wav,03-01-01-01-01-02-11.wav,03,speech,01,neutral,normal,01,02,11,male
../../data\Actor_11\03-01-01-01-02-01-11.wav,03-01-01-01-02-01-11.wav,03,speech,01,neutral,normal,02,01,11,male
../../data\Actor_11\03-01-01-01-02-02-11.wav,03-01-01-01-02-02-11.wav,03,speech,01,neutral,normal,02,02,11,male
../../data\Actor_11\03-01-02-01-01-01-11.wav,03-01-02-01-01-01-11.wav,03,speech,02,calm,normal,01,01,11,male
../../data\Actor_11\03-01-02-01-01-02-11.wav,03-01-02-01-01-02-11.wav,03,speech,02,calm,normal,01,02,11,male
../../data\Actor_11\03-01-02-01-02-01-11.wav,03-01-02-01-02-01-11.wav,03,speech,02,calm,normal,02,01,11,male
../../data\Actor_11\03-01-02-01-02-02-11.wav,03-01-02-01-02-02-11.wav,03,speech,02,calm,normal,02,02,11,male
../../data\Actor_11\03-01-02-02-01-01-11.wav,03-01-02-02-01-01-11.wav,03,speech,02,calm,strong,01,01,11,male
../../data\Actor_11\03-01-02-02-01-02-11.wav,03-01-02-02-01-02-11.wav,03,speech,02,calm,strong,01,02,11,male
../../data\Actor_11\03-01-02-02-02-01-11.wav,03-01-02-02-02-01-11.wav,03,speech,02,calm,strong,02,01,11,male
../../data\Actor_11\03-01-02-02-02-02-11.wav,03-01-02-02-02-02-11.wav,03,speech,02,calm,strong,02,02,11,male
../../data\Actor_11\03-01-03-01-01-01-11.wav,03-01-03-01-01-01-11.wav,03,speech,03,happy,normal,01,01,11,male
../../data\Actor_11\03-01-03-01-01-02-11.wav,03-01-03-01-01-02-11.wav,03,speech,03,happy,normal,01,02,11,male
../../data\Actor_11\03-01-03-01-02-01-11.wav,03-01-03-01-02-01-11.wav,03,speech,03,happy,normal,02,01,11,male
../../data\Actor_11\03-01-03-01-02-02-11.wav,03-01-03-01-02-02-11.wav,03,speech,03,happy,normal,02,02,11,male
../../data\Actor_11\03-01-03-02-01-01-11.wav,03-01-03-02-01-01-11.wav,03,speech,03,happy,strong,01,01,11,male
../../data\Actor_11\03-01-03-02-01-02-11.wav,03-01-03-02-01-02-11.wav,03,speech,03,happy,strong,01,02,11,male
../../data\Actor_11\03-01-03-02-02-01-11.wav,03-01-03-02-02-01-11.wav,03,speech,03,happy,strong,02,01,11,male
../../data\Actor_11\03-01-03-02-02-02-11.wav,03-01-03-02-02-02-11.wav,03,speech,03,happy,strong,02,02,11,male
../../data\Actor_11\03-01-04-01-01-01-11.wav,03-01-04-01-01-01-11.wav,03,speech,04,sad,normal,01,01,11,male
../../data\Actor_11\03-01-04-01-01-02-11.wav,03-01-04-01-01-02-11.wav,03,speech,04,sad,normal,01,02,11,male
../../data\Actor_11\03-01-04-01-02-01-11.wav,03-01-04-01-02-01-11.wav,03,speech,04,sad,normal,02,01,11,male
../../data\Actor_11\03-01-04-01-02-02-11.wav,03-01-04-01-02-02-11.wav,03,speech,04,sad,normal,02,02,11,male
../../data\Actor_11\03-01-04-02-01-01-11.wav,03-01-04-02-01-01-11.wav,03,speech,04,sad,strong,01,01,11,male
../../data\Actor_11\03-01-04-02-01-02-11.wav,03-01-04-02-01-02-11.wav,03,speech,04,sad,strong,01,02,11,male
../../data\Actor_11\03-01-04-02-02-01-11.wav,03-01-04-02-02-01-11.wav,03,speech,04,sad,strong,02,01,11,male
../../data\Actor_11\03-01-04-02-02-02-11.wav,03-01-04-02-02-02-11.wav,03,speech,04,sad,strong,02,02,11,male
../../data\Actor_11\03-01-05-01-01-01-11.wav,03-01-05-01-01-01-11.wav,03,speech,05,angry,normal,01,01,11,male
../../data\Actor_11\03-01-05-01-01-02-11.wav,03-01-05-01-01-02-11.wav,03,speech,05,angry,normal,01,02,11,male
../../data\Actor_11\03-01-05-01-02-01-11.wav,03-01-05-01-02-01-11.wav,03,speech,05,angry,normal,02,01,11,male
../../data\Actor_11\03-01-05-01-02-02-11.wav,03-01-05-01-02-02-11.wav,03,speech,05,angry,normal,02,02,11,male
../../data\Actor_11\03-01-05-02-01-01-11.wav,03-01-05-02-01-01-11.wav,03,speech,05,angry,strong,01,01,11,male
../../data\Actor_11\03-01-05-02-01-02-11.wav,03-01-05-02-01-02-11.wav,03,speech,05,angry,strong,01,02,11,male
../../data\Actor_11\03-01-05-02-02-01-11.wav,03-01-05-02-02-01-11.wav,03,speech,05,angry,strong,02,01,11,male
../../data\Actor_11\03-01-05-02-02-02-11.wav,03-01-05-02-02-02-11.wav,03,speech,05,angry,strong,02,02,11,male
../../data\Actor_11\03-01-06-01-01-01-11.wav,03-01-06-01-01-01-11.wav,03,speech,06,fearful,normal,01,01,11,male
../../data\Actor_11\03-01-06-01-01-02-11.wav,03-01-06-01-01-02-11.wav,03,speech,06,fearful,normal,01,02,11,male
../../data\Actor_11\03-01-06-01-02-01-11.wav,03-01-06-01-02-01-11.wav,03,speech,06,fearful,normal,02,01,11,male
../../data\Actor_11\03-01-06-01-02-02-11.wav,03-01-06-01-02-02-11.wav,03,speech,06,fearful,normal,02,02,11,male
../../data\Actor_11\03-01-06-02-01-01-11.wav,03-01-06-02-01-01-11.wav,03,speech,06,fearful,strong,01,01,11,male
../../data\Actor_11\03-01-06-02-01-02-11.wav,03-01-06-02-01-02-11.wav,03,speech,06,fearful,strong,01,02,11,male
../../data\Actor_11\03-01-06-02-02-01-11.wav,03-01-06-02-02-01-11.wav,03,speech,06,fearful,strong,02,01,11,male
../../data\Actor_11\03-01-06-02-02-02-11.wav,03-01-06-02-02-02-11.wav,03,speech,06,fearful,strong,02,02,11,male
../../data\Actor_11\03-01-07-01-01-01-11.wav,03-01-07-01-01-01-11.wav,03,speech,07,disgust,normal,01,01,11,male
../../data\Actor_11\03-01-07-01-01-02-11.wav,03-01-07-01-01-02-11.wav,03,speech,07,disgust,normal,01,02,11,male
../../data\Actor_11\03-01-07-01-02-01-11.wav,03-01-07-01-02-01-11.wav,03,speech,07,disgust,normal,02,01,11,male
../../data\Actor_11\03-01-07-01-02-02-11.wav,03-01-07-01-02-02-11.wav,03,speech,07,disgust,normal,02,02,11,male
../../data\Actor_11\03-01-07-02-01-01-11.wav,03-01-07-02-01-01-11.wav,03,speech,07,disgust,strong,01,01,11,male
../../data\Actor_11\03-01-07-02-01-02-11.wav,03-01-07-02-01-02-11.wav,03,speech,07,disgust,strong,01,02,11,male
../../data\Actor_11\03-01-07-02-02-01-11.wav,03-01-07-02-02-01-11.wav,03,speech,07,disgust,strong,02,01,11,male
../../data\Actor_11\03-01-07-02-02-02-11.wav,03-01-07-02-02-02-11.wav,03,speech,07,disgust,strong,02,02,11,male
../../data\Actor_11\03-01-08-01-01-01-11.wav,03-01-08-01-01-01-11.wav,03,speech,08,surprised,normal,01,01,11,male
../../data\Actor_11\03-01-08-01-01-02-11.wav,03-01-08-01-01-02-11.wav,03,speech,08,surprised,normal,01,02,11,male
../../data\Actor_11\03-01-08-01-02-01-11.wav,03-01-08-01-02-01-11.wav,03,speech,08,surprised,normal,02,01,11,male
../../data\Actor_11\03-01-08-01-02-02-11.wav,03-01-08-01-02-02-11.wav,03,speech,08,surprised,normal,02,02,11,male
../../data\Actor_11\03-01-08-02-01-01-11.wav,03-01-08-02-01-01-11.wav,03,speech,08,surprised,strong,01,01,11,male
../../data\Actor_11\03-01-08-02-01-02-11.wav,03-01-08-02-01-02-11.wav,03,speech,08,surprised,strong,01,02,11,male
../../data\Actor_11\03-01-08-02-02-01-11.wav,03-01-08-02-02-01-11.wav,03,speech,08,surprised,strong,02,01,11,male
../../data\Actor_11\03-01-08-02-02-02-11.wav,03-01-08-02-02-02-11.wav,03,speech,08,surprised,strong,02,02,11,male
../../data\Actor_11\03-02-01-01-01-01-11.wav,03-02-01-01-01-01-11.wav,03,song,01,neutral,normal,01,01,11,male
../../data\Actor_11\03-02-01-01-01-02-11.wav,03-02-01-01-01-02-11.wav,03,song,01,neutral,normal,01,02,11,male
../../data\Actor_11\03-02-01-01-02-01-11.wav,03-02-01-01-02-01-11.wav,03,song,01,neutral,normal,02,01,11,male
../../data\Actor_11\03-02-01-01-02-02-11.wav,03-02-01-01-02-02-11.wav,03,song,01,neutral,normal,02,02,11,male
../../data\Actor_11\03-02-02-01-01-01-11.wav,03-02-02-01-01-01-11.wav,03,song,02,calm,normal,01,01,11,male
../../data\Actor_11\03-02-02-01-01-02-11.wav,03-02-02-01-01-02-11.wav,03,song,02,calm,normal,01,02,11,male
../../data\Actor_11\03-02-02-01-02-01-11.wav,03-02-02-01-02-01-11.wav,03,song,02,calm,normal,02,01,11,male
../../data\Actor_11\03-02-02-01-02-02-11.wav,03-02-02-01-02-02-11.wav,03,song,02,calm,normal,02,02,11,male
../../data\Actor_11\03-02-02-02-01-01-11.wav,03-02-02-02-01-01-11.wav,03,song,02,calm,strong,01,01,11,male
../../data\Actor_11\03-02-02-02-01-02-11.wav,03-02-02-02-01-02-11.wav,03,song,02,calm,strong,01,02,11,male
../../data\Actor_11\03-02-02-02-02-01-11.wav,03-02-02-02-02-01-11.wav,03,song,02,calm,strong,02,01,11,male
../../data\Actor_11\03-02-02-02-02-02-11.wav,03-02-02-02-02-02-11.wav,03,song,02,calm,strong,02,02,11,male
../../data\Actor_11\03-02-03-01-01-01-11.wav,03-02-03-01-01-01-11.wav,03,song,03,happy,normal,01,01,11,male
../../data\Actor_11\03-02-03-01-01-02-11.wav,03-02-03-01-01-02-11.wav,03,song,03,happy,normal,01,02,11,male
../../data\Actor_11\03-02-03-01-02-01-11.wav,03-02-03-01-02-01-11.wav,03,song,03,happy,normal,02,01,11,male
../../data\Actor_11\03-02-03-01-02-02-11.wav,03-02-03-01-02-02-11.wav,03,song,03,happy,normal,02,02,11,male
../../data\Actor_11\03-02-03-02-01-01-11.wav,03-02-03-02-01-01-11.wav,03,song,03,happy,strong,01,01,11,male
../../data\Actor_11\03-02-03-02-01-02-11.wav,03-02-03-02-01-02-11.wav,03,song,03,happy,strong,01,02,11,male
../../data\Actor_11\03-02-03-02-02-01-11.wav,03-02-03-02-02-01-11.wav,03,song,03,happy,strong,02,01,11,male
../../data\Actor_11\03-02-03-02-02-02-11.wav,03-02-03-02-02-02-11.wav,03,song,03,happy,strong,02,02,11,male
../../data\Actor_11\03-02-04-01-01-01-11.wav,03-02-04-01-01-01-11.wav,03,song,04,sad,normal,01,01,11,male
../../data\Actor_11\03-02-04-01-01-02-11.wav,03-02-04-01-01-02-11.wav,03,song,04,sad,normal,01,02,11,male
../../data\Actor_11\03-02-04-01-02-01-11.wav,03-02-04-01-02-01-11.wav,03,song,04,sad,normal,02,01,11,male
../../data\Actor_11\03-02-04-01-02-02-11.wav,03-02-04-01-02-02-11.wav,03,song,04,sad,normal,02,02,11,male
../../data\Actor_11\03-02-04-02-01-01-11.wav,03-02-04-02-01-01-11.wav,03,song,04,sad,strong,01,01,11,male
../../data\Actor_11\03-02-04-02-01-02-11.wav,03-02-04-02-01-02-11.wav,03,song,04,sad,strong,01,02,11,male
../../data\Actor_11\03-02-04-02-02-01-11.wav,03-02-04-02-02-01-11.wav,03,song,04,sad,strong,02,01,11,male
../../data\Actor_11\03-02-04-02-02-02-11.wav,03-02-04-02-02-02-11.wav,03,song,04,sad,strong,02,02,11,male
../../data\Actor_11\03-02-05-01-01-01-11.wav,03-02-05-01-01-01-11.wav,03,song,05,angry,normal,01,01,11,male
../../data\Actor_11\03-02-05-01-01-02-11.wav,03-02-05-01-01-02-11.wav,03,song,05,angry,normal,01,02,11,male
../../data\Actor_11\03-02-05-01-02-01-11.wav,03-02-05-01-02-01-11.wav,03,song,05,angry,normal,02,01,11,male
../../data\Actor_11\03-02-05-01-02-02-11.wav,03-02-05-01-02-02-11.wav,03,song,05,angry,normal,02,02,11,male
../../data\Actor_11\03-02-05-02-01-01-11.wav,03-02-05-02-01-01-11.wav,03,song,05,angry,strong,01,01,11,male
../../data\Actor_11\03-02-05-02-01-02-11.wav,03-02-05-02-01-02-11.wav,03,song,05,angry,strong,01,02,11,male
../../data\Actor_11\03-02-05-02-02-01-11.wav,03-02-05-02-02-01-11.wav,03,song,05,angry,strong,02,01,11,male
../../data\Actor_11\03-02-05-02-02-02-11.wav,03-02-05-02-02-02-11.wav,03,song,05,angry,strong,02,02,11,male
../../data\Actor_11\03-02-06-01-01-01-11.wav,03-02-06-01-01-01-11.wav,03,song,06,fearful,normal,01,01,11,male
../../data\Actor_11\03-02-06-01-01-02-11.wav,03-02-06-01-01-02-11.wav,03,song,06,fearful,normal,01,02,11,male
../../data\Actor_11\03-02-06-01-02-01-11.wav,03-02-06-01-02-01-11.wav,03,song,06,fearful,normal,02,01,11,male
../../data\Actor_11\03-02-06-01-02-02-11.wav,03-02-06-01-02-02-11.wav,03,song,06,fearful,normal,02,02,11,male
../../data\Actor_11\03-02-06-02-01-01-11.wav,03-02-06-02-01-01-11.wav,03,song,06,fearful,strong,01,01,11,male
../../data\Actor_11\03-02-06-02-01-02-11.wav,03-02-06-02-01-02-11.wav,03,song,06,fearful,strong,01,02,11,male
../../data\Actor_11\03-02-06-02-02-01-11.wav,03-02-06-02-02-01-11.wav,03,song,06,fearful,strong,02,01,11,male
../../data\Actor_11\03-02-06-02-02-02-11.wav,03-02-06-02-02-02-11.wav,03,song,06,fearful,strong,02,02,11,male
../../data\Actor_12\03-01-01-01-01-01-12.wav,03-01-01-01-01-01-12.wav,03,speech,01,neutral,normal,01,01,12,female
../../data\Actor_12\03-01-01-01-01-02-12.wav,03-01-01-01-01-02-12.wav,03,speech,01,neutral,normal,01,02,12,female
../../data\Actor_12\03-01-01-01-02-01-12.wav,03-01-01-01-02-01-12.wav,03,speech,01,neutral,normal,02,01,12,female
../../data\Actor_12\03-01-01-01-02-02-12.wav,03-01-01-01-02-02-12.wav,03,speech,01,neutral,normal,02,02,12,female
../../data\Actor_12\03-01-02-01-01-01-12.wav,03-01-02-01-01-01-12.wav,03,speech,02,calm,normal,01,01,12,female
../../data\Actor_12\03-01-02-01-01-02-12.wav,03-01-02-01-01-02-12.wav,03,speech,02,calm,normal,01,02,12,female
../../data\Actor_12\03-01-02-01-02-01-12.wav,03-01-02-01-02-01-12.wav,03,speech,02,calm,normal,02,01,12,female
../../data\Actor_12\03-01-02-01-02-02-12.wav,03-01-02-01-02-02-12.wav,03,speech,02,calm,normal,02,02,12,female
../../data\Actor_12\03-01-02-02-01-01-12.wav,03-01-02-02-01-01-12.wav,03,speech,02,calm,strong,01,01,12,female
../../data\Actor_12\03-01-02-02-01-02-12.wav,03-01-02-02-01-02-12.wav,03,speech,02,calm,strong,01,02,12,female
../../data\Actor_12\03-01-02-02-02-01-12.wav,03-01-02-02-02-01-12.wav,03,speech,02,calm,strong,02,01,12,female
../../data\Actor_12\03-01-02-02-02-02-12.wav,03-01-02-02-02-02-12.wav,03,speech,02,calm,strong,02,02,12,female
../../data\Actor_12\03-01-03-01-01-01-12.wav,03-01-03-01-01-01-12.wav,03,speech,03,happy,normal,01,01,12,female
../../data\Actor_12\03-01-03-01-01-02-12.wav,03-01-03-01-01-02-12.wav,03,speech,03,happy,normal,01,02,12,female
../../data\Actor_12\03-01-03-01-02-01-12.wav,03-01-03-01-02-01-12.wav,03,speech,03,happy,normal,02,01,12,female
../../data\Actor_12\03-01-03-01-02-02-12.wav,03-01-03-01-02-02-12.wav,03,speech,03,happy,normal,02,02,12,female
../../data\Actor_12\03-01-03-02-01-01-12.wav,03-01-03-02-01-01-12.wav,03,speech,03,happy,strong,01,01,12,female
../../data\Actor_12\03-01-03-02-01-02-12.wav,03-01-03-02-01-02-12.wav,03,speech,03,happy,strong,01,02,12,female
../../data\Actor_12\03-01-03-02-02-01-12.wav,03-01-03-02-02-01-12.wav,03,speech,03,happy,strong,02,01,12,female
../../data\Actor_12\03-01-03-02-02-02-12.wav,03-01-03-02-02-02-12.wav,03,speech,03,happy,strong,02,02,12,female
../../data\Actor_12\03-01-04-01-01-01-12.wav,03-01-04-01-01-01-12.wav,03,speech,04,sad,normal,01,01,12,female
../../data\Actor_12\03-01-04-01-01-02-12.wav,03-01-04-01-01-02-12.wav,03,speech,04,sad,normal,01,02,12,female
../../data\Actor_12\03-01-04-01-02-01-12.wav,03-01-04-01-02-01-12.wav,03,speech,04,sad,normal,02,01,12,female
../../data\Actor_12\03-01-04-01-02-02-12.wav,03-01-04-01-02-02-12.wav,03,speech,04,sad,normal,02,02,12,female
../../data\Actor_12\03-01-04-02-01-01-12.wav,03-01-04-02-01-01-12.wav,03,speech,04,sad,strong,01,01,12,female
../../data\Actor_12\03-01-04-02-01-02-12.wav,03-01-04-02-01-02-12.wav,03,speech,04,sad,strong,01,02,12,female
../../data\Actor_12\03-01-04-02-02-01-12.wav,03-01-04-02-02-01-12.wav,03,speech,04,sad,strong,02,01,12,female
../../data\Actor_12\03-01-04-02-02-02-12.wav,03-01-04-02-02-02-12.wav,03,speech,04,sad,strong,02,02,12,female
../../data\Actor_12\03-01-05-01-01-01-12.wav,03-01-05-01-01-01-12.wav,03,speech,05,angry,normal,01,01,12,female
../../data\Actor_12\03-01-05-01-01-02-12.wav,03-01-05-01-01-02-12.wav,03,speech,05,angry,normal,01,02,12,female
../../data\Actor_12\03-01-05-01-02-01-12.wav,03-01-05-01-02-01-12.wav,03,speech,05,angry,normal,02,01,12,female
../../data\Actor_12\03-01-05-01-02-02-12.wav,03-01-05-01-02-02-12.wav,03,speech,05,angry,normal,02,02,12,female
../../data\Actor_12\03-01-05-02-01-01-12.wav,03-01-05-02-01-01-12.wav,03,speech,05,angry,strong,01,01,12,female
../../data\Actor_12\03-01-05-02-01-02-12.wav,03-01-05-02-01-02-12.wav,03,speech,05,angry,strong,01,02,12,female
../../data\Actor_12\03-01-05-02-02-01-12.wav,03-01-05-02-02-01-12.wav,03,speech,05,angry,strong,02,01,12,female
../../data\Actor_12\03-01-05-02-02-02-12.wav,03-01-05-02-02-02-12.wav,03,speech,05,angry,strong,02,02,12,female
../../data\Actor_12\03-01-06-01-01-01-12.wav,03-01-06-01-01-01-12.wav,03,speech,06,fearful,normal,01,01,12,female
../../data\Actor_12\03-01-06-01-01-02-12.wav,03-01-06-01-01-02-12.wav,03,speech,06,fearful,normal,01,02,12,female
../../data\Actor_12\03-01-06-01-02-01-12.wav,03-01-06-01-02-01-12.wav,03,speech,06,fearful,normal,02,01,12,female
../../data\Actor_12\03-01-06-01-02-02-12.wav,03-01-06-01-02-02-12.wav,03,speech,06,fearful,normal,02,02,12,female
../../data\Actor_12\03-01-06-02-01-01-12.wav,03-01-06-02-01-01-12.wav,03,speech,06,fearful,strong,01,01,12,female
../../data\Actor_12\03-01-06-02-01-02-12.wav,03-01-06-02-01-02-12.wav,03,speech,06,fearful,strong,01,02,12,female
../../data\Actor_12\03-01-06-02-02-01-12.wav,03-01-06-02-02-01-12.wav,03,speech,06,fearful,strong,02,01,12,female
../../data\Actor_12\03-01-06-02-02-02-12.wav,03-01-06-02-02-02-12.wav,03,speech,06,fearful,strong,02,02,12,female
../../data\Actor_12\03-01-07-01-01-01-12.wav,03-01-07-01-01-01-12.wav,03,speech,07,disgust,normal,01,01,12,female
../../data\Actor_12\03-01-07-01-01-02-12.wav,03-01-07-01-01-02-12.wav,03,speech,07,disgust,normal,01,02,12,female
../../data\Actor_12\03-01-07-01-02-01-12.wav,03-01-07-01-02-01-12.wav,03,speech,07,disgust,normal,02,01,12,female
../../data\Actor_12\03-01-07-01-02-02-12.wav,03-01-07-01-02-02-12.wav,03,speech,07,disgust,normal,02,02,12,female
../../data\Actor_12\03-01-07-02-01-01-12.wav,03-01-07-02-01-01-12.wav,03,speech,07,disgust,strong,01,01,12,female
../../data\Actor_12\03-01-07-02-01-02-12.wav,03-01-07-02-01-02-12.wav,03,speech,07,disgust,strong,01,02,12,female
../../data\Actor_12\03-01-07-02-02-01-12.wav,03-01-07-02-02-01-12.wav,03,speech,07,disgust,strong,02,01,12,female
../../data\Actor_12\03-01-07-02-02-02-12.wav,03-01-07-02-02-02-12.wav,03,speech,07,disgust,strong,02,02,12,female
../../data\Actor_12\03-01-08-01-01-01-12.wav,03-01-08-01-01-01-12.wav,03,speech,08,surprised,normal,01,01,12,female
../../data\Actor_12\03-01-08-01-01-02-12.wav,03-01-08-01-01-02-12.wav,03,speech,08,surprised,normal,01,02,12,female
../../data\Actor_12\03-01-08-01-02-01-12.wav,03-01-08-01-02-01-12.wav,03,speech,08,surprised,normal,02,01,12,female
../../data\Actor_12\03-01-08-01-02-02-12.wav,03-01-08-01-02-02-12.wav,03,speech,08,surprised,normal,02,02,12,female
../../data\Actor_12\03-01-08-02-01-01-12.wav,03-01-08-02-01-01-12.wav,03,speech,08,surprised,strong,01,01,12,female
../../data\Actor_12\03-01-08-02-01-02-12.wav,03-01-08-02-01-02-12.wav,03,speech,08,surprised,strong,01,02,12,female
../../data\Actor_12\03-01-08-02-02-01-12.wav,03-01-08-02-02-01-12.wav,03,speech,08,surprised,strong,02,01,12,female
../../data\Actor_12\03-01-08-02-02-02-12.wav,03-01-08-02-02-02-12.wav,03,speech,08,surprised,strong,02,02,12,female
../../data\Actor_12\03-02-01-01-01-01-12.wav,03-02-01-01-01-01-12.wav,03,song,01,neutral,normal,01,01,12,female
../../data\Actor_12\03-02-01-01-01-02-12.wav,03-02-01-01-01-02-12.wav,03,song,01,neutral,normal,01,02,12,female
../../data\Actor_12\03-02-01-01-02-01-12.wav,03-02-01-01-02-01-12.wav,03,song,01,neutral,normal,02,01,12,female
../../data\Actor_12\03-02-01-01-02-02-12.wav,03-02-01-01-02-02-12.wav,03,song,01,neutral,normal,02,02,12,female
../../data\Actor_12\03-02-02-01-01-01-12.wav,03-02-02-01-01-01-12.wav,03,song,02,calm,normal,01,01,12,female
../../data\Actor_12\03-02-02-01-01-02-12.wav,03-02-02-01-01-02-12.wav,03,song,02,calm,normal,01,02,12,female
../../data\Actor_12\03-02-02-01-02-01-12.wav,03-02-02-01-02-01-12.wav,03,song,02,calm,normal,02,01,12,female
../../data\Actor_12\03-02-02-01-02-02-12.wav,03-02-02-01-02-02-12.wav,03,song,02,calm,normal,02,02,12,female
../../data\Actor_12\03-02-02-02-01-01-12.wav,03-02-02-02-01-01-12.wav,03,song,02,calm,strong,01,01,12,female
../../data\Actor_12\03-02-02-02-01-02-12.wav,03-02-02-02-01-02-12.wav,03,song,02,calm,strong,01,02,12,female
../../data\Actor_12\03-02-02-02-02-01-12.wav,03-02-02-02-02-01-12.wav,03,song,02,calm,strong,02,01,12,female
../../data\Actor_12\03-02-02-02-02-02-12.wav,03-02-02-02-02-02-12.wav,03,song,02,calm,strong,02,02,12,female
../../data\Actor_12\03-02-03-01-01-01-12.wav,03-02-03-01-01-01-12.wav,03,song,03,happy,normal,01,01,12,female
../../data\Actor_12\03-02-03-01-01-02-12.wav,03-02-03-01-01-02-12.wav,03,song,03,happy,normal,01,02,12,female
../../data\Actor_12\03-02-03-01-02-01-12.wav,03-02-03-01-02-01-12.wav,03,song,03,happy,normal,02,01,12,female
../../data\Actor_12\03-02-03-01-02-02-12.wav,03-02-03-01-02-02-12.wav,03,song,03,happy,normal,02,02,12,female
../../data\Actor_12\03-02-03-02-01-01-12.wav,03-02-03-02-01-01-12.wav,03,song,03,happy,strong,01,01,12,female
../../data\Actor_12\03-02-03-02-01-02-12.wav,03-02-03-02-01-02-12.wav,03,song,03,happy,strong,01,02,12,female
../../data\Actor_12\03-02-03-02-02-01-12.wav,03-02-03-02-02-01-12.wav,03,song,03,happy,strong,02,01,12,female
../../data\Actor_12\03-02-03-02-02-02-12.wav,03-02-03-02-02-02-12.wav,03,song,03,happy,strong,02,02,12,female
../../data\Actor_12\03-02-04-01-01-01-12.wav,03-02-04-01-01-01-12.wav,03,song,04,sad,normal,01,01,12,female
../../data\Actor_12\03-02-04-01-01-02-12.wav,03-02-04-01-01-02-12.wav,03,song,04,sad,normal,01,02,12,female
../../data\Actor_12\03-02-04-01-02-01-12.wav,03-02-04-01-02-01-12.wav,03,song,04,sad,normal,02,01,12,female
../../data\Actor_12\03-02-04-01-02-02-12.wav,03-02-04-01-02-02-12.wav,03,song,04,sad,normal,02,02,12,female
../../data\Actor_12\03-02-04-02-01-01-12.wav,03-02-04-02-01-01-12.wav,03,song,04,sad,strong,01,01,12,female
../../data\Actor_12\03-02-04-02-01-02-12.wav,03-02-04-02-01-02-12.wav,03,song,04,sad,strong,01,02,12,female
../../data\Actor_12\03-02-04-02-02-01-12.wav,03-02-04-02-02-01-12.wav,03,song,04,sad,strong,02,01,12,female
../../data\Actor_12\03-02-04-02-02-02-12.wav,03-02-04-02-02-02-12.wav,03,song,04,sad,strong,02,02,12,female
../../data\Actor_12\03-02-05-01-01-01-12.wav,03-02-05-01-01-01-12.wav,03,song,05,angry,normal,01,01,12,female
../../data\Actor_12\03-02-05-01-01-02-12.wav,03-02-05-01-01-02-12.wav,03,song,05,angry,normal,01,02,12,female
../../data\Actor_12\03-02-05-01-02-01-12.wav,03-02-05-01-02-01-12.wav,03,song,05,angry,normal,02,01,12,female
../../data\Actor_12\03-02-05-01-02-02-12.wav,03-02-05-01-02-02-12.wav,03,song,05,angry,normal,02,02,12,female
../../data\Actor_12\03-02-05-02-01-01-12.wav,03-02-05-02-01-01-12.wav,03,song,05,angry,strong,01,01,12,female
../../data\Actor_12\03-02-05-02-01-02-12.wav,03-02-05-02-01-02-12.wav,03,song,05,angry,strong,01,02,12,female
../../data\Actor_12\03-02-05-02-02-01-12.wav,03-02-05-02-02-01-12.wav,03,song,05,angry,strong,02,01,12,female
../../data\Actor_12\03-02-05-02-02-02-12.wav,03-02-05-02-02-02-12.wav,03,song,05,angry,strong,02,02,12,female
../../data\Actor_12\03-02-06-01-01-01-12.wav,03-02-06-01-01-01-12.wav,03,song,06,fearful,normal,01,01,12,female
../../data\Actor_12\03-02-06-01-01-02-12.wav,03-02-06-01-01-02-12.wav,03,song,06,fearful,normal,01,02,12,female
../../data\Actor_12\03-02-06-01-02-01-12.wav,03-02-06-01-02-01-12.wav,03,song,06,fearful,normal,02,01,12,female
../../data\Actor_12\03-02-06-01-02-02-12.wav,03-02-06-01-02-02-12.wav,03,song,06,fearful,normal,02,02,12,female
../../data\Actor_12\03-02-06-02-01-01-12.wav,03-02-06-02-01-01-12.wav,03,song,06,fearful,strong,01,01,12,female
../../data\Actor_12\03-02-06-02-01-02-12.wav,03-02-06-02-01-02-12.wav,03,song,06,fearful,strong,01,02,12,female
../../data\Actor_12\03-02-06-02-02-01-12.wav,03-02-06-02-02-01-12.wav,03,song,06,fearful,strong,02,01,12,female
../../data\Actor_12\03-02-06-02-02-02-12.wav,03-02-06-02-02-02-12.wav,03,song,06,fearful,strong,02,02,12,female
../../data\Actor_13\03-01-01-01-01-01-13.wav,03-01-01-01-01-01-13.wav,03,speech,01,neutral,normal,01,01,13,male
../../data\Actor_13\03-01-01-01-01-02-13.wav,03-01-01-01-01-02-13.wav,03,speech,01,neutral,normal,01,02,13,male
../../data\Actor_13\03-01-01-01-02-01-13.wav,03-01-01-01-02-01-13.wav,03,speech,01,neutral,normal,02,01,13,male
../../data\Actor_13\03-01-01-01-02-02-13.wav,03-01-01-01-02-02-13.wav,03,speech,01,neutral,normal,02,02,13,male
../../data\Actor_13\03-01-02-01-01-01-13.wav,03-01-02-01-01-01-13.wav,03,speech,02,calm,normal,01,01,13,male
../../data\Actor_13\03-01-02-01-01-02-13.wav,03-01-02-01-01-02-13.wav,03,speech,02,calm,normal,01,02,13,male
../../data\Actor_13\03-01-02-01-02-01-13.wav,03-01-02-01-02-01-13.wav,03,speech,02,calm,normal,02,01,13,male
../../data\Actor_13\03-01-02-01-02-02-13.wav,03-01-02-01-02-02-13.wav,03,speech,02,calm,normal,02,02,13,male
../../data\Actor_13\03-01-02-02-01-01-13.wav,03-01-02-02-01-01-13.wav,03,speech,02,calm,strong,01,01,13,male
../../data\Actor_13\03-01-02-02-01-02-13.wav,03-01-02-02-01-02-13.wav,03,speech,02,calm,strong,01,02,13,male
../../data\Actor_13\03-01-02-02-02-01-13.wav,03-01-02-02-02-01-13.wav,03,speech,02,calm,strong,02,01,13,male
../../data\Actor_13\03-01-02-02-02-02-13.wav,03-01-02-02-02-02-13.wav,03,speech,02,calm,strong,02,02,13,male
../../data\Actor_13\03-01-03-01-01-01-13.wav,03-01-03-01-01-01-13.wav,03,speech,03,happy,normal,01,01,13,male
../../data\Actor_13\03-01-03-01-01-02-13.wav,03-01-03-01-01-02-13.wav,03,speech,03,happy,normal,01,02,13,male
../../data\Actor_13\03-01-03-01-02-01-13.wav,03-01-03-01-02-01-13.wav,03,speech,03,happy,normal,02,01,13,male
../../data\Actor_13\03-01-03-01-02-02-13.wav,03-01-03-01-02-02-13.wav,03,speech,03,happy,normal,02,02,13,male
../../data\Actor_13\03-01-03-02-01-01-13.wav,03-01-03-02-01-01-13.wav,03,speech,03,happy,strong,01,01,13,male
../../data\Actor_13\03-01-03-02-01-02-13.wav,03-01-03-02-01-02-13.wav,03,speech,03,happy,strong,01,02,13,male
../../data\Actor_13\03-01-03-02-02-01-13.wav,03-01-03-02-02-01-13.wav,03,speech,03,happy,strong,02,01,13,male
../../data\Actor_13\03-01-03-02-02-02-13.wav,03-01-03-02-02-02-13.wav,03,speech,03,happy,strong,02,02,13,male
../../data\Actor_13\03-01-04-01-01-01-13.wav,03-01-04-01-01-01-13.wav,03,speech,04,sad,normal,01,01,13,male
../../data\Actor_13\03-01-04-01-01-02-13.wav,03-01-04-01-01-02-13.wav,03,speech,04,sad,normal,01,02,13,male
../../data\Actor_13\03-01-04-01-02-01-13.wav,03-01-04-01-02-01-13.wav,03,speech,04,sad,normal,02,01,13,male
../../data\Actor_13\03-01-04-01-02-02-13.wav,03-01-04-01-02-02-13.wav,03,speech,04,sad,normal,02,02,13,male
../../data\Actor_13\03-01-04-02-01-01-13.wav,03-01-04-02-01-01-13.wav,03,speech,04,sad,strong,01,01,13,male
../../data\Actor_13\03-01-04-02-01-02-13.wav,03-01-04-02-01-02-13.wav,03,speech,04,sad,strong,01,02,13,male
../../data\Actor_13\03-01-04-02-02-01-13.wav,03-01-04-02-02-01-13.wav,03,speech,04,sad,strong,02,01,13,male
../../data\Actor_13\03-01-04-02-02-02-13.wav,03-01-04-02-02-02-13.wav,03,speech,04,sad,strong,02,02,13,male
../../data\Actor_13\03-01-05-01-01-01-13.wav,03-01-05-01-01-01-13.wav,03,speech,05,angry,normal,01,01,13,male
../../data\Actor_13\03-01-05-01-01-02-13.wav,03-01-05-01-01-02-13.wav,03,speech,05,angry,normal,01,02,13,male
../../data\Actor_13\03-01-05-01-02-01-13.wav,03-01-05-01-02-01-13.wav,03,speech,05,angry,normal,02,01,13,male
../../data\Actor_13\03-01-05-01-02-02-13.wav,03-01-05-01-02-02-13.wav,03,speech,05,angry,normal,02,02,13,male
../../data\Actor_13\03-01-05-02-01-01-13.wav,03-01-05-02-01-01-13.wav,03,speech,05,angry,strong,01,01,13,male
../../data\Actor_13\03-01-05-02-01-02-13.wav,03-01-05-02-01-02-13.wav,03,speech,05,angry,strong,01,02,13,male
../../data\Actor_13\03-01-05-02-02-01-13.wav,03-01-05-02-02-01-13.wav,03,speech,05,angry,strong,02,01,13,male
../../data\Actor_13\03-01-05-02-02-02-13.wav,03-01-05-02-02-02-13.wav,03,speech,05,angry,strong,02,02,13,male
../../data\Actor_13\03-01-06-01-01-01-13.wav,03-01-06-01-01-01-13.wav,03,speech,06,fearful,normal,01,01,13,male
../../data\Actor_13\03-01-06-01-01-02-13.wav,03-01-06-01-01-02-13.wav,03,speech,06,fearful,normal,01,02,13,male
../../data\Actor_13\03-01-06-01-02-01-13.wav,03-01-06-01-02-01-13.wav,03,speech,06,fearful,normal,02,01,13,male
../../data\Actor_13\03-01-06-01-02-02-13.wav,03-01-06-01-02-02-13.wav,03,speech,06,fearful,normal,02,02,13,male
../../data\Actor_13\03-01-06-02-01-01-13.wav,03-01-06-02-01-01-13.wav,03,speech,06,fearful,strong,01,01,13,male
../../data\Actor_13\03-01-06-02-01-02-13.wav,03-01-06-02-01-02-13.wav,03,speech,06,fearful,strong,01,02,13,male
../../data\Actor_13\03-01-06-02-02-01-13.wav,03-01-06-02-02-01-13.wav,03,speech,06,fearful,strong,02,01,13,male
../../data\Actor_13\03-01-06-02-02-02-13.wav,03-01-06-02-02-02-13.wav,03,speech,06,fearful,strong,02,02,13,male
../../data\Actor_13\03-01-07-01-01-01-13.wav,03-01-07-01-01-01-13.wav,03,speech,07,disgust,normal,01,01,13,male
../../data\Actor_13\03-01-07-01-01-02-13.wav,03-01-07-01-01-02-13.wav,03,speech,07,disgust,normal,01,02,13,male
../../data\Actor_13\03-01-07-01-02-01-13.wav,03-01-07-01-02-01-13.wav,03,speech,07,disgust,normal,02,01,13,male
../../data\Actor_13\03-01-07-01-02-02-13.wav,03-01-07-01-02-02-13.wav,03,speech,07,disgust,normal,02,02,13,male
../../data\Actor_13\03-01-07-02-01-01-13.wav,03-01-07-02-01-01-13.wav,03,speech,07,disgust,strong,01,01,13,male
../../data\Actor_13\03-01-07-02-01-02-13.wav,03-01-07-02-01-02-13.wav,03,speech,07,disgust,strong,01,02,13,male
../../data\Actor_13\03-01-07-02-02-01-13.wav,03-01-07-02-02-01-13.wav,03,speech,07,disgust,strong,02,01,13,male
../../data\Actor_13\03-01-07-02-02-02-13.wav,03-01-07-02-02-02-13.wav,03,speech,07,disgust,strong,02,02,13,male
../../data\Actor_13\03-01-08-01-01-01-13.wav,03-01-08-01-01-01-13.wav,03,speech,08,surprised,normal,01,01,13,male
../../data\Actor_13\03-01-08-01-01-02-13.wav,03-01-08-01-01-02-13.wav,03,speech,08,surprised,normal,01,02,13,male
../../data\Actor_13\03-01-08-01-02-01-13.wav,03-01-08-01-02-01-13.wav,03,speech,08,surprised,normal,02,01,13,male
../../data\Actor_13\03-01-08-01-02-02-13.wav,03-01-08-01-02-02-13.wav,03,speech,08,surprised,normal,02,02,13,male
../../data\Actor_13\03-01-08-02-01-01-13.wav,03-01-08-02-01-01-13.wav,03,speech,08,surprised,strong,01,01,13,male
../../data\Actor_13\03-01-08-02-01-02-13.wav,03-01-08-02-01-02-13.wav,03,speech,08,surprised,strong,01,02,13,male
../../data\Actor_13\03-01-08-02-02-01-13.wav,03-01-08-02-02-01-13.wav,03,speech,08,surprised,strong,02,01,13,male
../../data\Actor_13\03-01-08-02-02-02-13.wav,03-01-08-02-02-02-13.wav,03,speech,08,surprised,strong,02,02,13,male
../../data\Actor_13\03-02-01-01-01-01-13.wav,03-02-01-01-01-01-13.wav,03,song,01,neutral,normal,01,01,13,male
../../data\Actor_13\03-02-01-01-01-02-13.wav,03-02-01-01-01-02-13.wav,03,song,01,neutral,normal,01,02,13,male
../../data\Actor_13\03-02-01-01-02-01-13.wav,03-02-01-01-02-01-13.wav,03,song,01,neutral,normal,02,01,13,male
../../data\Actor_13\03-02-01-01-02-02-13.wav,03-02-01-01-02-02-13.wav,03,song,01,neutral,normal,02,02,13,male
../../data\Actor_13\03-02-02-01-01-01-13.wav,03-02-02-01-01-01-13.wav,03,song,02,calm,normal,01,01,13,male
../../data\Actor_13\03-02-02-01-01-02-13.wav,03-02-02-01-01-02-13.wav,03,song,02,calm,normal,01,02,13,male
../../data\Actor_13\03-02-02-01-02-01-13.wav,03-02-02-01-02-01-13.wav,03,song,02,calm,normal,02,01,13,male
../../data\Actor_13\03-02-02-01-02-02-13.wav,03-02-02-01-02-02-13.wav,03,song,02,calm,normal,02,02,13,male
../../data\Actor_13\03-02-02-02-01-01-13.wav,03-02-02-02-01-01-13.wav,03,song,02,calm,strong,01,01,13,male
../../data\Actor_13\03-02-02-02-01-02-13.wav,03-02-02-02-01-02-13.wav,03,song,02,calm,strong,01,02,13,male
../../data\Actor_13\03-02-02-02-02-01-13.wav,03-02-02-02-02-01-13.wav,03,song,02,calm,strong,02,01,13,male
../../data\Actor_13\03-02-02-02-02-02-13.wav,03-02-02-02-02-02-13.wav,03,song,02,calm,strong,02,02,13,male
../../data\Actor_13\03-02-03-01-01-01-13.wav,03-02-03-01-01-01-13.wav,03,song,03,happy,normal,01,01,13,male
../../data\Actor_13\03-02-03-01-01-02-13.wav,03-02-03-01-01-02-13.wav,03,song,03,happy,normal,01,02,13,male
../../data\Actor_13\03-02-03-01-02-01-13.wav,03-02-03-01-02-01-13.wav,03,song,03,happy,normal,02,01,13,male
../../data\Actor_13\03-02-03-01-02-02-13.wav,03-02-03-01-02-02-13.wav,03,song,03,happy,normal,02,02,13,male
../../data\Actor_13\03-02-03-02-01-01-13.wav,03-02-03-02-01-01-13.wav,03,song,03,happy,strong,01,01,13,male
../../data\Actor_13\03-02-03-02-01-02-13.wav,03-02-03-02-01-02-13.wav,03,song,03,happy,strong,01,02,13,male
../../data\Actor_13\03-02-03-02-02-01-13.wav,03-02-03-02-02-01-13.wav,03,song,03,happy,strong,02,01,13,male
../../data\Actor_13\03-02-03-02-02-02-13.wav,03-02-03-02-02-02-13.wav,03,song,03,happy,strong,02,02,13,male
../../data\Actor_13\03-02-04-01-01-01-13.wav,03-02-04-01-01-01-13.wav,03,song,04,sad,normal,01,01,13,male
../../data\Actor_13\03-02-04-01-01-02-13.wav,03-02-04-01-01-02-13.wav,03,song,04,sad,normal,01,02,13,male
../../data\Actor_13\03-02-04-01-02-01-13.wav,03-02-04-01-02-01-13.wav,03,song,04,sad,normal,02,01,13,male
../../data\Actor_13\03-02-04-01-02-02-13.wav,03-02-04-01-02-02-13.wav,03,song,04,sad,normal,02,02,13,male
../../data\Actor_13\03-02-04-02-01-01-13.wav,03-02-04-02-01-01-13.wav,03,song,04,sad,strong,01,01,13,male
../../data\Actor_13\03-02-04-02-01-02-13.wav,03-02-04-02-01-02-13.wav,03,song,04,sad,strong,01,02,13,male
../../data\Actor_13\03-02-04-02-02-01-13.wav,03-02-04-02-02-01-13.wav,03,song,04,sad,strong,02,01,13,male
../../data\Actor_13\03-02-04-02-02-02-13.wav,03-02-04-02-02-02-13.wav,03,song,04,sad,strong,02,02,13,male
../../data\Actor_13\03-02-05-01-01-01-13.wav,03-02-05-01-01-01-13.wav,03,song,05,angry,normal,01,01,13,male
../../data\Actor_13\03-02-05-01-01-02-13.wav,03-02-05-01-01-02-13.wav,03,song,05,angry,normal,01,02,13,male
../../data\Actor_13\03-02-05-01-02-01-13.wav,03-02-05-01-02-01-13.wav,03,song,05,angry,normal,02,01,13,male
../../data\Actor_13\03-02-05-01-02-02-13.wav,03-02-05-01-02-02-13.wav,03,song,05,angry,normal,02,02,13,male
../../data\Actor_13\03-02-05-02-01-01-13.wav,03-02-05-02-01-01-13.wav,03,song,05,angry,strong,01,01,13,male
../../data\Actor_13\03-02-05-02-01-02-13.wav,03-02-05-02-01-02-13.wav,03,song,05,angry,strong,01,02,13,male
../../data\Actor_13\03-02-05-02-02-01-13.wav,03-02-05-02-02-01-13.wav,03,song,05,angry,strong,02,01,13,male
../../data\Actor_13\03-02-05-02-02-02-13.wav,03-02-05-02-02-02-13.wav,03,song,05,angry,strong,02,02,13,male
../../data\Actor_13\03-02-06-01-01-01-13.wav,03-02-06-01-01-01-13.wav,03,song,06,fearful,normal,01,01,13,male
../../data\Actor_13\03-02-06-01-01-02-13.wav,03-02-06-01-01-02-13.wav,03,song,06,fearful,normal,01,02,13,male
../../data\Actor_13\03-02-06-01-02-01-13.wav,03-02-06-01-02-01-13.wav,03,song,06,fearful,normal,02,01,13,male
../../data\Actor_13\03-02-06-01-02-02-13.wav,03-02-06-01-02-02-13.wav,03,song,06,fearful,normal,02,02,13,male
../../data\Actor_13\03-02-06-02-01-01-13.wav,03-02-06-02-01-01-13.wav,03,song,06,fearful,strong,01,01,13,male
../../data\Actor_13\03-02-06-02-01-02-13.wav,03-02-06-02-01-02-13.wav,03,song,06,fearful,strong,01,02,13,male
../../data\Actor_13\03-02-06-02-02-01-13.wav,03-02-06-02-02-01-13.wav,03,song,06,fearful,strong,02,01,13,male
../../data\Actor_13\03-02-06-02-02-02-13.wav,03-02-06-02-02-02-13.wav,03,song,06,fearful,strong,02,02,13,male
../../data\Actor_14\03-01-01-01-01-01-14.wav,03-01-01-01-01-01-14.wav,03,speech,01,neutral,normal,01,01,14,female
../../data\Actor_14\03-01-01-01-01-02-14.wav,03-01-01-01-01-02-14.wav,03,speech,01,neutral,normal,01,02,14,female
../../data\Actor_14\03-01-01-01-02-01-14.wav,03-01-01-01-02-01-14.wav,03,speech,01,neutral,normal,02,01,14,female
../../data\Actor_14\03-01-01-01-02-02-14.wav,03-01-01-01-02-02-14.wav,03,speech,01,neutral,normal,02,02,14,female
../../data\Actor_14\03-01-02-01-01-01-14.wav,03-01-02-01-01-01-14.wav,03,speech,02,calm,normal,01,01,14,female
../../data\Actor_14\03-01-02-01-01-02-14.wav,03-01-02-01-01-02-14.wav,03,speech,02,calm,normal,01,02,14,female
../../data\Actor_14\03-01-02-01-02-01-14.wav,03-01-02-01-02-01-14.wav,03,speech,02,calm,normal,02,01,14,female
../../data\Actor_14\03-01-02-01-02-02-14.wav,03-01-02-01-02-02-14.wav,03,speech,02,calm,normal,02,02,14,female
../../data\Actor_14\03-01-02-02-01-01-14.wav,03-01-02-02-01-01-14.wav,03,speech,02,calm,strong,01,01,14,female
../../data\Actor_14\03-01-02-02-01-02-14.wav,03-01-02-02-01-02-14.wav,03,speech,02,calm,strong,01,02,14,female
../../data\Actor_14\03-01-02-02-02-01-14.wav,03-01-02-02-02-01-14.wav,03,speech,02,calm,strong,02,01,14,female
../../data\Actor_14\03-01-02-02-02-02-14.wav,03-01-02-02-02-02-14.wav,03,speech,02,calm,strong,02,02,14,female
../../data\Actor_14\03-01-03-01-01-01-14.wav,03-01-03-01-01-01-14.wav,03,speech,03,happy,normal,01,01,14,female
../../data\Actor_14\03-01-03-01-01-02-14.wav,03-01-03-01-01-02-14.wav,03,speech,03,happy,normal,01,02,14,female
../../data\Actor_14\03-01-03-01-02-01-14.wav,03-01-03-01-02-01-14.wav,03,speech,03,happy,normal,02,01,14,female
../../data\Actor_14\03-01-03-01-02-02-14.wav,03-01-03-01-02-02-14.wav,03,speech,03,happy,normal,02,02,14,female
../../data\Actor_14\03-01-03-02-01-01-14.wav,03-01-03-02-01-01-14.wav,03,speech,03,happy,strong,01,01,14,female
../../data\Actor_14\03-01-03-02-01-02-14.wav,03-01-03-02-01-02-14.wav,03,speech,03,happy,strong,01,02,14,female
../../data\Actor_14\03-01-03-02-02-01-14.wav,03-01-03-02-02-01-14.wav,03,speech,03,happy,strong,02,01,14,female
../../data\Actor_14\03-01-03-02-02-02-14.wav,03-01-03-02-02-02-14.wav,03,speech,03,happy,strong,02,02,14,female
../../data\Actor_14\03-01-04-01-01-01-14.wav,03-01-04-01-01-01-14.wav,03,speech,04,sad,normal,01,01,14,female
../../data\Actor_14\03-01-04-01-01-02-14.wav,03-01-04-01-01-02-14.wav,03,speech,04,sad,normal,01,02,14,female
../../data\Actor_14\03-01-04-01-02-01-14.wav,03-01-04-01-02-01-14.wav,03,speech,04,sad,normal,02,01,14,female
../../data\Actor_14\03-01-04-01-02-02-14.wav,03-01-04-01-02-02-14.wav,03,speech,04,sad,normal,02,02,14,female
../../data\Actor_14\03-01-04-02-01-01-14.wav,03-01-04-02-01-01-14.wav,03,speech,04,sad,strong,01,01,14,female
../../data\Actor_14\03-01-04-02-01-02-14.wav,03-01-04-02-01-02-14.wav,03,speech,04,sad,strong,01,02,14,female
../../data\Actor_14\03-01-04-02-02-01-14.wav,03-01-04-02-02-01-14.wav,03,speech,04,sad,strong,02,01,14,female
../../data\Actor_14\03-01-04-02-02-02-14.wav,03-01-04-02-02-02-14.wav,03,speech,04,sad,strong,02,02,14,female
../../data\Actor_14\03-01-05-01-01-01-14.wav,03-01-05-01-01-01-14.wav,03,speech,05,angry,normal,01,01,14,female
../../data\Actor_14\03-01-05-01-01-02-14.wav,03-01-05-01-01-02-14.wav,03,speech,05,angry,normal,01,02,14,female
../../data\Actor_14\03-01-05-01-02-01-14.wav,03-01-05-01-02-01-14.wav,03,speech,05,angry,normal,02,01,14,female
../../data\Actor_14\03-01-05-01-02-02-14.wav,03-01-05-01-02-02-14.wav,03,speech,05,angry,normal,02,02,14,female
../../data\Actor_14\03-01-05-02-01-01-14.wav,03-01-05-02-01-01-14.wav,03,speech,05,angry,strong,01,01,14,female
../../data\Actor_14\03-01-05-02-01-02-14.wav,03-01-05-02-01-02-14.wav,03,speech,05,angry,strong,01,02,14,female
../../data\Actor_14\03-01-05-02-02-01-14.wav,03-01-05-02-02-01-14.wav,03,speech,05,angry,strong,02,01,14,female
../../data\Actor_14\03-01-05-02-02-02-14.wav,03-01-05-02-02-02-14.wav,03,speech,05,angry,strong,02,02,14,female
../../data\Actor_14\03-01-06-01-01-01-14.wav,03-01-06-01-01-01-14.wav,03,speech,06,fearful,normal,01,01,14,female
../../data\Actor_14\03-01-06-01-01-02-14.wav,03-01-06-01-01-02-14.wav,03,speech,06,fearful,normal,01,02,14,female
../../data\Actor_14\03-01-06-01-02-01-14.wav,03-01-06-01-02-01-14.wav,03,speech,06,fearful,normal,02,01,14,female
../../data\Actor_14\03-01-06-01-02-02-14.wav,03-01-06-01-02-02-14.wav,03,speech,06,fearful,normal,02,02,14,female
../../data\Actor_14\03-01-06-02-01-01-14.wav,03-01-06-02-01-01-14.wav,03,speech,06,fearful,strong,01,01,14,female
../../data\Actor_14\03-01-06-02-01-02-14.wav,03-01-06-02-01-02-14.wav,03,speech,06,fearful,strong,01,02,14,female
../../data\Actor_14\03-01-06-02-02-01-14.wav,03-01-06-02-02-01-14.wav,03,speech,06,fearful,strong,02,01,14,female
../../data\Actor_14\03-01-06-02-02-02-14.wav,03-01-06-02-02-02-14.wav,03,speech,06,fearful,strong,02,02,14,female
../../data\Actor_14\03-01-07-01-01-01-14.wav,03-01-07-01-01-01-14.wav,03,speech,07,disgust,normal,01,01,14,female
../../data\Actor_14\03-01-07-01-01-02-14.wav,03-01-07-01-01-02-14.wav,03,speech,07,disgust,normal,01,02,14,female
../../data\Actor_14\03-01-07-01-02-01-14.wav,03-01-07-01-02-01-14.wav,03,speech,07,disgust,normal,02,01,14,female
../../data\Actor_14\03-01-07-01-02-02-14.wav,03-01-07-01-02-02-14.wav,03,speech,07,disgust,normal,02,02,14,female
../../data\Actor_14\03-01-07-02-01-01-14.wav,03-01-07-02-01-01-14.wav,03,speech,07,disgust,strong,01,01,14,female
../../data\Actor_14\03-01-07-02-01-02-14.wav,03-01-07-02-01-02-14.wav,03,speech,07,disgust,strong,01,02,14,female
../../data\Actor_14\03-01-07-02-02-01-14.wav,03-01-07-02-02-01-14.wav,03,speech,07,disgust,strong,02,01,14,female
../../data\Actor_14\03-01-07-02-02-02-14.wav,03-01-07-02-02-02-14.wav,03,speech,07,disgust,strong,02,02,14,female
../../data\Actor_14\03-01-08-01-01-01-14.wav,03-01-08-01-01-01-14.wav,03,speech,08,surprised,normal,01,01,14,female
../../data\Actor_14\03-01-08-01-01-02-14.wav,03-01-08-01-01-02-14.wav,03,speech,08,surprised,normal,01,02,14,female
../../data\Actor_14\03-01-08-01-02-01-14.wav,03-01-08-01-02-01-14.wav,03,speech,08,surprised,normal,02,01,14,female
../../data\Actor_14\03-01-08-01-02-02-14.wav,03-01-08-01-02-02-14.wav,03,speech,08,surprised,normal,02,02,14,female
../../data\Actor_14\03-01-08-02-01-01-14.wav,03-01-08-02-01-01-14.wav,03,speech,08,surprised,strong,01,01,14,female
../../data\Actor_14\03-01-08-02-01-02-14.wav,03-01-08-02-01-02-14.wav,03,speech,08,surprised,strong,01,02,14,female
../../data\Actor_14\03-01-08-02-02-01-14.wav,03-01-08-02-02-01-14.wav,03,speech,08,surprised,strong,02,01,14,female
../../data\Actor_14\03-01-08-02-02-02-14.wav,03-01-08-02-02-02-14.wav,03,speech,08,surprised,strong,02,02,14,female
../../data\Actor_14\03-02-01-01-01-01-14.wav,03-02-01-01-01-01-14.wav,03,song,01,neutral,normal,01,01,14,female
../../data\Actor_14\03-02-01-01-01-02-14.wav,03-02-01-01-01-02-14.wav,03,song,01,neutral,normal,01,02,14,female
../../data\Actor_14\03-02-01-01-02-01-14.wav,03-02-01-01-02-01-14.wav,03,song,01,neutral,normal,02,01,14,female
../../data\Actor_14\03-02-01-01-02-02-14.wav,03-02-01-01-02-02-14.wav,03,song,01,neutral,normal,02,02,14,female
../../data\Actor_14\03-02-02-01-01-01-14.wav,03-02-02-01-01-01-14.wav,03,song,02,calm,normal,01,01,14,female
../../data\Actor_14\03-02-02-01-01-02-14.wav,03-02-02-01-01-02-14.wav,03,song,02,calm,normal,01,02,14,female
../../data\Actor_14\03-02-02-01-02-01-14.wav,03-02-02-01-02-01-14.wav,03,song,02,calm,normal,02,01,14,female
../../data\Actor_14\03-02-02-01-02-02-14.wav,03-02-02-01-02-02-14.wav,03,song,02,calm,normal,02,02,14,female
../../data\Actor_14\03-02-02-02-01-01-14.wav,03-02-02-02-01-01-14.wav,03,song,02,calm,strong,01,01,14,female
../../data\Actor_14\03-02-02-02-01-02-14.wav,03-02-02-02-01-02-14.wav,03,song,02,calm,strong,01,02,14,female
../../data\Actor_14\03-02-02-02-02-01-14.wav,03-02-02-02-02-01-14.wav,03,song,02,calm,strong,02,01,14,female
../../data\Actor_14\03-02-02-02-02-02-14.wav,03-02-02-02-02-02-14.wav,03,song,02,calm,strong,02,02,14,female
../../data\Actor_14\03-02-03-01-01-01-14.wav,03-02-03-01-01-01-14.wav,03,song,03,happy,normal,01,01,14,female
../../data\Actor_14\03-02-03-01-01-02-14.wav,03-02-03-01-01-02-14.wav,03,song,03,happy,normal,01,02,14,female
../../data\Actor_14\03-02-03-01-02-01-14.wav,03-02-03-01-02-01-14.wav,03,song,03,happy,normal,02,01,14,female
../../data\Actor_14\03-02-03-01-02-02-14.wav,03-02-03-01-02-02-14.wav,03,song,03,happy,normal,02,02,14,female
../../data\Actor_14\03-02-03-02-01-01-14.wav,03-02-03-02-01-01-14.wav,03,song,03,happy,strong,01,01,14,female
../../data\Actor_14\03-02-03-02-01-02-14.wav,03-02-03-02-01-02-14.wav,03,song,03,happy,strong,01,02,14,female
../../data\Actor_14\03-02-03-02-02-01-14.wav,03-02-03-02-02-01-14.wav,03,song,03,happy,strong,02,01,14,female
../../data\Actor_14\03-02-03-02-02-02-14.wav,03-02-03-02-02-02-14.wav,03,song,03,happy,strong,02,02,14,female
../../data\Actor_14\03-02-04-01-01-01-14.wav,03-02-04-01-01-01-14.wav,03,song,04,sad,normal,01,01,14,female
../../data\Actor_14\03-02-04-01-01-02-14.wav,03-02-04-01-01-02-14.wav,03,song,04,sad,normal,01,02,14,female
../../data\Actor_14\03-02-04-01-02-01-14.wav,03-02-04-01-02-01-14.wav,03,song,04,sad,normal,02,01,14,female
../../data\Actor_14\03-02-04-01-02-02-14.wav,03-02-04-01-02-02-14.wav,03,song,04,sad,normal,02,02,14,female
../../data\Actor_14\03-02-04-02-01-01-14.wav,03-02-04-02-01-01-14.wav,03,song,04,sad,strong,01,01,14,female
../../data\Actor_14\03-02-04-02-01-02-14.wav,03-02-04-02-01-02-14.wav,03,song,04,sad,strong,01,02,14,female
../../data\Actor_14\03-02-04-02-02-01-14.wav,03-02-04-02-02-01-14.wav,03,song,04,sad,strong,02,01,14,female
../../data\Actor_14\03-02-04-02-02-02-14.wav,03-02-04-02-02-02-14.wav,03,song,04,sad,strong,02,02,14,female
../../data\Actor_14\03-02-05-01-01-01-14.wav,03-02-05-01-01-01-14.wav,03,song,05,angry,normal,01,01,14,female
../../data\Actor_14\03-02-05-01-01-02-14.wav,03-02-05-01-01-02-14.wav,03,song,05,angry,normal,01,02,14,female
../../data\Actor_14\03-02-05-01-02-01-14.wav,03-02-05-01-02-01-14.wav,03,song,05,angry,normal,02,01,14,female
../../data\Actor_14\03-02-05-01-02-02-14.wav,03-02-05-01-02-02-14.wav,03,song,05,angry,normal,02,02,14,female
../../data\Actor_14\03-02-05-02-01-01-14.wav,03-02-05-02-01-01-14.wav,03,song,05,angry,strong,01,01,14,female
../../data\Actor_14\03-02-05-02-01-02-14.wav,03-02-05-02-01-02-14.wav,03,song,05,angry,strong,01,02,14,female
../../data\Actor_14\03-02-05-02-02-01-14.wav,03-02-05-02-02-01-14.wav,03,song,05,angry,strong,02,01,14,female
../../data\Actor_14\03-02-05-02-02-02-14.wav,03-02-05-02-02-02-14.wav,03,song,05,angry,strong,02,02,14,female
../../data\Actor_14\03-02-06-01-01-01-14.wav,03-02-06-01-01-01-14.wav,03,song,06,fearful,normal,01,01,14,female
../../data\Actor_14\03-02-06-01-01-02-14.wav,03-02-06-01-01-02-14.wav,03,song,06,fearful,normal,01,02,14,female
../../data\Actor_14\03-02-06-01-02-01-14.wav,03-02-06-01-02-01-14.wav,03,song,06,fearful,normal,02,01,14,female
../../data\Actor_14\03-02-06-01-02-02-14.wav,03-02-06-01-02-02-14.wav,03,song,06,fearful,normal,02,02,14,female
../../data\Actor_14\03-02-06-02-01-01-14.wav,03-02-06-02-01-01-14.wav,03,song,06,fearful,strong,01,01,14,female
../../data\Actor_14\03-02-06-02-01-02-14.wav,03-02-06-02-01-02-14.wav,03,song,06,fearful,strong,01,02,14,female
../../data\Actor_14\03-02-06-02-02-01-14.wav,03-02-06-02-02-01-14.wav,03,song,06,fearful,strong,02,01,14,female
../../data\Actor_14\03-02-06-02-02-02-14.wav,03-02-06-02-02-02-14.wav,03,song,06,fearful,strong,02,02,14,female
../../data\Actor_15\03-01-01-01-01-01-15.wav,03-01-01-01-01-01-15.wav,03,speech,01,neutral,normal,01,01,15,male
../../data\Actor_15\03-01-01-01-01-02-15.wav,03-01-01-01-01-02-15.wav,03,speech,01,neutral,normal,01,02,15,male
../../data\Actor_15\03-01-01-01-02-01-15.wav,03-01-01-01-02-01-15.wav,03,speech,01,neutral,normal,02,01,15,male
../../data\Actor_15\03-01-01-01-02-02-15.wav,03-01-01-01-02-02-15.wav,03,speech,01,neutral,normal,02,02,15,male
../../data\Actor_15\03-01-02-01-01-01-15.wav,03-01-02-01-01-01-15.wav,03,speech,02,calm,normal,01,01,15,male
../../data\Actor_15\03-01-02-01-01-02-15.wav,03-01-02-01-01-02-15.wav,03,speech,02,calm,normal,01,02,15,male
../../data\Actor_15\03-01-02-01-02-01-15.wav,03-01-02-01-02-01-15.wav,03,speech,02,calm,normal,02,01,15,male
../../data\Actor_15\03-01-02-01-02-02-15.wav,03-01-02-01-02-02-15.wav,03,speech,02,calm,normal,02,02,15,male
../../data\Actor_15\03-01-02-02-01-01-15.wav,03-01-02-02-01-01-15.wav,03,speech,02,calm,strong,01,01,15,male
../../data\Actor_15\03-01-02-02-01-02-15.wav,03-01-02-02-01-02-15.wav,03,speech,02,calm,strong,01,02,15,male
../../data\Actor_15\03-01-02-02-02-01-15.wav,03-01-02-02-02-01-15.wav,03,speech,02,calm,strong,02,01,15,male
../../data\Actor_15\03-01-02-02-02-02-15.wav,03-01-02-02-02-02-15.wav,03,speech,02,calm,strong,02,02,15,male
../../data\Actor_15\03-01-03-01-01-01-15.wav,03-01-03-01-01-01-15.wav,03,speech,03,happy,normal,01,01,15,male
../../data\Actor_15\03-01-03-01-01-02-15.wav,03-01-03-01-01-02-15.wav,03,speech,03,happy,normal,01,02,15,male
../../data\Actor_15\03-01-03-01-02-01-15.wav,03-01-03-01-02-01-15.wav,03,speech,03,happy,normal,02,01,15,male
../../data\Actor_15\03-01-03-01-02-02-15.wav,03-01-03-01-02-02-15.wav,03,speech,03,happy,normal,02,02,15,male
../../data\Actor_15\03-01-03-02-01-01-15.wav,03-01-03-02-01-01-15.wav,03,speech,03,happy,strong,01,01,15,male
../../data\Actor_15\03-01-03-02-01-02-15.wav,03-01-03-02-01-02-15.wav,03,speech,03,happy,strong,01,02,15,male
../../data\Actor_15\03-01-03-02-02-01-15.wav,03-01-03-02-02-01-15.wav,03,speech,03,happy,strong,02,01,15,male
../../data\Actor_15\03-01-03-02-02-02-15.wav,03-01-03-02-02-02-15.wav,03,speech,03,happy,strong,02,02,15,male
../../data\Actor_15\03-01-04-01-01-01-15.wav,03-01-04-01-01-01-15.wav,03,speech,04,sad,normal,01,01,15,male
../../data\Actor_15\03-01-04-01-01-02-15.wav,03-01-04-01-01-02-15.wav,03,speech,04,sad,normal,01,02,15,male
../../data\Actor_15\03-01-04-01-02-01-15.wav,03-01-04-01-02-01-15.wav,03,speech,04,sad,normal,02,01,15,male
../../data\Actor_15\03-01-04-01-02-02-15.wav,03-01-04-01-02-02-15.wav,03,speech,04,sad,normal,02,02,15,male
../../data\Actor_15\03-01-04-02-01-01-15.wav,03-01-04-02-01-01-15.wav,03,speech,04,sad,strong,01,01,15,male
../../data\Actor_15\03-01-04-02-01-02-15.wav,03-01-04-02-01-02-15.wav,03,speech,04,sad,strong,01,02,15,male
../../data\Actor_15\03-01-04-02-02-01-15.wav,03-01-04-02-02-01-15.wav,03,speech,04,sad,strong,02,01,15,male
../../data\Actor_15\03-01-04-02-02-02-15.wav,03-01-04-02-02-02-15.wav,03,speech,04,sad,strong,02,02,15,male
../../data\Actor_15\03-01-05-01-01-01-15.wav,03-01-05-01-01-01-15.wav,03,speech,05,angry,normal,01,01,15,male
../../data\Actor_15\03-01-05-01-01-02-15.wav,03-01-05-01-01-02-15.wav,03,speech,05,angry,normal,01,02,15,male
../../data\Actor_15\03-01-05-01-02-01-15.wav,03-01-05-01-02-01-15.wav,03,speech,05,angry,normal,02,01,15,male
../../data\Actor_15\03-01-05-01-02-02-15.wav,03-01-05-01-02-02-15.wav,03,speech,05,angry,normal,02,02,15,male
../../data\Actor_15\03-01-05-02-01-01-15.wav,03-01-05-02-01-01-15.wav,03,speech,05,angry,strong,01,01,15,male
../../data\Actor_15\03-01-05-02-01-02-15.wav,03-01-05-02-01-02-15.wav,03,speech,05,angry,strong,01,02,15,male
../../data\Actor_15\03-01-05-02-02-01-15.wav,03-01-05-02-02-01-15.wav,03,speech,05,angry,strong,02,01,15,male
../../data\Actor_15\03-01-05-02-02-02-15.wav,03-01-05-02-02-02-15.wav,03,speech,05,angry,strong,02,02,15,male
../../data\Actor_15\03-01-06-01-01-01-15.wav,03-01-06-01-01-01-15.wav,03,speech,06,fearful,normal,01,01,15,male
../../data\Actor_15\03-01-06-01-01-02-15.wav,03-01-06-01-01-02-15.wav,03,speech,06,fearful,normal,01,02,15,male
../../data\Actor_15\03-01-06-01-02-01-15.wav,03-01-06-01-02-01-15.wav,03,speech,06,fearful,normal,02,01,15,male
../../data\Actor_15\03-01-06-01-02-02-15.wav,03-01-06-01-02-02-15.wav,03,speech,06,fearful,normal,02,02,15,male
../../data\Actor_15\03-01-06-02-01-01-15.wav,03-01-06-02-01-01-15.wav,03,speech,06,fearful,strong,01,01,15,male
../../data\Actor_15\03-01-06-02-01-02-15.wav,03-01-06-02-01-02-15.wav,03,speech,06,fearful,strong,01,02,15,male
../../data\Actor_15\03-01-06-02-02-01-15.wav,03-01-06-02-02-01-15.wav,03,speech,06,fearful,strong,02,01,15,male
../../data\Actor_15\03-01-06-02-02-02-15.wav,03-01-06-02-02-02-15.wav,03,speech,06,fearful,strong,02,02,15,male
../../data\Actor_15\03-01-07-01-01-01-15.wav,03-01-07-01-01-01-15.wav,03,speech,07,disgust,normal,01,01,15,male
../../data\Actor_15\03-01-07-01-01-02-15.wav,03-01-07-01-01-02-15.wav,03,speech,07,disgust,normal,01,02,15,male
../../data\Actor_15\03-01-07-01-02-01-15.wav,03-01-07-01-02-01-15.wav,03,speech,07,disgust,normal,02,01,15,male
../../data\Actor_15\03-01-07-01-02-02-15.wav,03-01-07-01-02-02-15.wav,03,speech,07,disgust,normal,02,02,15,male
../../data\Actor_15\03-01-07-02-01-01-15.wav,03-01-07-02-01-01-15.wav,03,speech,07,disgust,strong,01,01,15,male
../../data\Actor_15\03-01-07-02-01-02-15.wav,03-01-07-02-01-02-15.wav,03,speech,07,disgust,strong,01,02,15,male
../../data\Actor_15\03-01-07-02-02-01-15.wav,03-01-07-02-02-01-15.wav,03,speech,07,disgust,strong,02,01,15,male
../../data\Actor_15\03-01-07-02-02-02-15.wav,03-01-07-02-02-02-15.wav,03,speech,07,disgust,strong,02,02,15,male
../../data\Actor_15\03-01-08-01-01-01-15.wav,03-01-08-01-01-01-15.wav,03,speech,08,surprised,normal,01,01,15,male
../../data\Actor_15\03-01-08-01-01-02-15.wav,03-01-08-01-01-02-15.wav,03,speech,08,surprised,normal,01,02,15,male
../../data\Actor_15\03-01-08-01-02-01-15.wav,03-01-08-01-02-01-15.wav,03,speech,08,surprised,normal,02,01,15,male
../../data\Actor_15\03-01-08-01-02-02-15.wav,03-01-08-01-02-02-15.wav,03,speech,08,surprised,normal,02,02,15,male
../../data\Actor_15\03-01-08-02-01-01-15.wav,03-01-08-02-01-01-15.wav,03,speech,08,surprised,strong,01,01,15,male
../../data\Actor_15\03-01-08-02-01-02-15.wav,03-01-08-02-01-02-15.wav,03,speech,08,surprised,strong,01,02,15,male
../../data\Actor_15\03-01-08-02-02-01-15.wav,03-01-08-02-02-01-15.wav,03,speech,08,surprised,strong,02,01,15,male
../../data\Actor_15\03-01-08-02-02-02-15.wav,03-01-08-02-02-02-15.wav,03,speech,08,surprised,strong,02,02,15,male
../../data\Actor_15\03-02-01-01-01-01-15.wav,03-02-01-01-01-01-15.wav,03,song,01,neutral,normal,01,01,15,male
../../data\Actor_15\03-02-01-01-01-02-15.wav,03-02-01-01-01-02-15.wav,03,song,01,neutral,normal,01,02,15,male
../../data\Actor_15\03-02-01-01-02-01-15.wav,03-02-01-01-02-01-15.wav,03,song,01,neutral,normal,02,01,15,male
../../data\Actor_15\03-02-01-01-02-02-15.wav,03-02-01-01-02-02-15.wav,03,song,01,neutral,normal,02,02,15,male
../../data\Actor_15\03-02-02-01-01-01-15.wav,03-02-02-01-01-01-15.wav,03,song,02,calm,normal,01,01,15,male
../../data\Actor_15\03-02-02-01-01-02-15.wav,03-02-02-01-01-02-15.wav,03,song,02,calm,normal,01,02,15,male
../../data\Actor_15\03-02-02-01-02-01-15.wav,03-02-02-01-02-01-15.wav,03,song,02,calm,normal,02,01,15,male
../../data\Actor_15\03-02-02-01-02-02-15.wav,03-02-02-01-02-02-15.wav,03,song,02,calm,normal,02,02,15,male
../../data\Actor_15\03-02-02-02-01-01-15.wav,03-02-02-02-01-01-15.wav,03,song,02,calm,strong,01,01,15,male
../../data\Actor_15\03-02-02-02-01-02-15.wav,03-02-02-02-01-02-15.wav,03,song,02,calm,strong,01,02,15,male
../../data\Actor_15\03-02-02-02-02-01-15.wav,03-02-02-02-02-01-15.wav,03,song,02,calm,strong,02,01,15,male
../../data\Actor_15\03-02-02-02-02-02-15.wav,03-02-02-02-02-02-15.wav,03,song,02,calm,strong,02,02,15,male
../../data\Actor_15\03-02-03-01-01-01-15.wav,03-02-03-01-01-01-15.wav,03,song,03,happy,normal,01,01,15,male
../../data\Actor_15\03-02-03-01-01-02-15.wav,03-02-03-01-01-02-15.wav,03,song,03,happy,normal,01,02,15,male
../../data\Actor_15\03-02-03-01-02-01-15.wav,03-02-03-01-02-01-15.wav,03,song,03,happy,normal,02,01,15,male
../../data\Actor_15\03-02-03-01-02-02-15.wav,03-02-03-01-02-02-15.wav,03,song,03,happy,normal,02,02,15,male
../../data\Actor_15\03-02-03-02-01-01-15.wav,03-02-03-02-01-01-15.wav,03,song,03,happy,strong,01,01,15,male
../../data\Actor_15\03-02-03-02-01-02-15.wav,03-02-03-02-01-02-15.wav,03,song,03,happy,strong,01,02,15,male
../../data\Actor_15\03-02-03-02-02-01-15.wav,03-02-03-02-02-01-15.wav,03,song,03,happy,strong,02,01,15,male
../../data\Actor_15\03-02-03-02-02-02-15.wav,03-02-03-02-02-02-15.wav,03,song,03,happy,strong,02,02,15,male
../../data\Actor_15\03-02-04-01-01-01-15.wav,03-02-04-01-01-01-15.wav,03,song,04,sad,normal,01,01,15,male
../../data\Actor_15\03-02-04-01-01-02-15.wav,03-02-04-01-01-02-15.wav,03,song,04,sad,normal,01,02,15,male
../../data\Actor_15\03-02-04-01-02-01-15.wav,03-02-04-01-02-01-15.wav,03,song,04,sad,normal,02,01,15,male
../../data\Actor_15\03-02-04-01-02-02-15.wav,03-02-04-01-02-02-15.wav,03,song,04,sad,normal,02,02,15,male
../../data\Actor_15\03-02-04-02-01-01-15.wav,03-02-04-02-01-01-15.wav,03,song,04,sad,strong,01,01,15,male
../../data\Actor_15\03-02-04-02-01-02-15.wav,03-02-04-02-01-02-15.wav,03,song,04,sad,strong,01,02,15,male
../../data\Actor_15\03-02-04-02-02-01-15.wav,03-02-04-02-02-01-15.wav,03,song,04,sad,strong,02,01,15,male
../../data\Actor_15\03-02-04-02-02-02-15.wav,03-02-04-02-02-02-15.wav,03,song,04,sad,strong,02,02,15,male
../../data\Actor_15\03-02-05-01-01-01-15.wav,03-02-05-01-01-01-15.wav,03,song,05,angry,normal,01,01,15,male
../../data\Actor_15\03-02-05-01-01-02-15.wav,03-02-05-01-01-02-15.wav,03,song,05,angry,normal,01,02,15,male
../../data\Actor_15\03-02-05-01-02-01-15.wav,03-02-05-01-02-01-15.wav,03,song,05,angry,normal,02,01,15,male
../../data\Actor_15\03-02-05-01-02-02-15.wav,03-02-05-01-02-02-15.wav,03,song,05,angry,normal,02,02,15,male
../../data\Actor_15\03-02-05-02-01-01-15.wav,03-02-05-02-01-01-15.wav,03,song,05,angry,strong,01,01,15,male
../../data\Actor_15\03-02-05-02-01-02-15.wav,03-02-05-02-01-02-15.wav,03,song,05,angry,strong,01,02,15,male
../../data\Actor_15\03-02-05-02-02-01-15.wav,03-02-05-02-02-01-15.wav,03,song,05,angry,strong,02,01,15,male
../../data\Actor_15\03-02-05-02-02-02-15.wav,03-02-05-02-02-02-15.wav,03,song,05,angry,strong,02,02,15,male
../../data\Actor_15\03-02-06-01-01-01-15.wav,03-02-06-01-01-01-15.wav,03,song,06,fearful,normal,01,01,15,male
../../data\Actor_15\03-02-06-01-01-02-15.wav,03-02-06-01-01-02-15.wav,03,song,06,fearful,normal,01,02,15,male
../../data\Actor_15\03-02-06-01-02-01-15.wav,03-02-06-01-02-01-15.wav,03,song,06,fearful,normal,02,01,15,male
../../data\Actor_15\03-02-06-01-02-02-15.wav,03-02-06-01-02-02-15.wav,03,song,06,fearful,normal,02,02,15,male
../../data\Actor_15\03-02-06-02-01-01-15.wav,03-02-06-02-01-01-15.wav,03,song,06,fearful,strong,01,01,15,male
../../data\Actor_15\03-02-06-02-01-02-15.wav,03-02-06-02-01-02-15.wav,03,song,06,fearful,strong,01,02,15,male
../../data\Actor_15\03-02-06-02-02-01-15.wav,03-02-06-02-02-01-15.wav,03,song,06,fearful,strong,02,01,15,male
../../data\Actor_15\03-02-06-02-02-02-15.wav,03-02-06-02-02-02-15.wav,03,song,06,fearful,strong,02,02,15,male
../../data\Actor_16\03-01-01-01-01-01-16.wav,03-01-01-01-01-01-16.wav,03,speech,01,neutral,normal,01,01,16,female
../../data\Actor_16\03-01-01-01-01-02-16.wav,03-01-01-01-01-02-16.wav,03,speech,01,neutral,normal,01,02,16,female
../../data\Actor_16\03-01-01-01-02-01-16.wav,03-01-01-01-02-01-16.wav,03,speech,01,neutral,normal,02,01,16,female
../../data\Actor_16\03-01-01-01-02-02-16.wav,03-01-01-01-02-02-16.wav,03,speech,01,neutral,normal,02,02,16,female
../../data\Actor_16\03-01-02-01-01-01-16.wav,03-01-02-01-01-01-16.wav,03,speech,02,calm,normal,01,01,16,female
../../data\Actor_16\03-01-02-01-01-02-16.wav,03-01-02-01-01-02-16.wav,03,speech,02,calm,normal,01,02,16,female
../../data\Actor_16\03-01-02-01-02-01-16.wav,03-01-02-01-02-01-16.wav,03,speech,02,calm,normal,02,01,16,female
../../data\Actor_16\03-01-02-01-02-02-16.wav,03-01-02-01-02-02-16.wav,03,speech,02,calm,normal,02,02,16,female
../../data\Actor_16\03-01-02-02-01-01-16.wav,03-01-02-02-01-01-16.wav,03,speech,02,calm,strong,01,01,16,female
../../data\Actor_16\03-01-02-02-01-02-16.wav,03-01-02-02-01-02-16.wav,03,speech,02,calm,strong,01,02,16,female
../../data\Actor_16\03-01-02-02-02-01-16.wav,03-01-02-02-02-01-16.wav,03,speech,02,calm,strong,02,01,16,female
../../data\Actor_16\03-01-02-02-02-02-16.wav,03-01-02-02-02-02-16.wav,03,speech,02,calm,strong,02,02,16,female
../../data\Actor_16\03-01-03-01-01-01-16.wav,03-01-03-01-01-01-16.wav,03,speech,03,happy,normal,01,01,16,female
../../data\Actor_16\03-01-03-01-01-02-16.wav,03-01-03-01-01-02-16.wav,03,speech,03,happy,normal,01,02,16,female
../../data\Actor_16\03-01-03-01-02-01-16.wav,03-01-03-01-02-01-16.wav,03,speech,03,happy,normal,02,01,16,female
../../data\Actor_16\03-01-03-01-02-02-16.wav,03-01-03-01-02-02-16.wav,03,speech,03,happy,normal,02,02,16,female
../../data\Actor_16\03-01-03-02-01-01-16.wav,03-01-03-02-01-01-16.wav,03,speech,03,happy,strong,01,01,16,female
../../data\Actor_16\03-01-03-02-01-02-16.wav,03-01-03-02-01-02-16.wav,03,speech,03,happy,strong,01,02,16,female
../../data\Actor_16\03-01-03-02-02-01-16.wav,03-01-03-02-02-01-16.wav,03,speech,03,happy,strong,02,01,16,female
../../data\Actor_16\03-01-03-02-02-02-16.wav,03-01-03-02-02-02-16.wav,03,speech,03,happy,strong,02,02,16,female
../../data\Actor_16\03-01-04-01-01-01-16.wav,03-01-04-01-01-01-16.wav,03,speech,04,sad,normal,01,01,16,female
../../data\Actor_16\03-01-04-01-01-02-16.wav,03-01-04-01-01-02-16.wav,03,speech,04,sad,normal,01,02,16,female
../../data\Actor_16\03-01-04-01-02-01-16.wav,03-01-04-01-02-01-16.wav,03,speech,04,sad,normal,02,01,16,female
../../data\Actor_16\03-01-04-01-02-02-16.wav,03-01-04-01-02-02-16.wav,03,speech,04,sad,normal,02,02,16,female
../../data\Actor_16\03-01-04-02-01-01-16.wav,03-01-04-02-01-01-16.wav,03,speech,04,sad,strong,01,01,16,female
../../data\Actor_16\03-01-04-02-01-02-16.wav,03-01-04-02-01-02-16.wav,03,speech,04,sad,strong,01,02,16,female
../../data\Actor_16\03-01-04-02-02-01-16.wav,03-01-04-02-02-01-16.wav,03,speech,04,sad,strong,02,01,16,female
../../data\Actor_16\03-01-04-02-02-02-16.wav,03-01-04-02-02-02-16.wav,03,speech,04,sad,strong,02,02,16,female
../../data\Actor_16\03-01-05-01-01-01-16.wav,03-01-05-01-01-01-16.wav,03,speech,05,angry,normal,01,01,16,female
../../data\Actor_16\03-01-05-01-01-02-16.wav,03-01-05-01-01-02-16.wav,03,speech,05,angry,normal,01,02,16,female
../../data\Actor_16\03-01-05-01-02-01-16.wav,03-01-05-01-02-01-16.wav,03,speech,05,angry,normal,02,01,16,female
../../data\Actor_16\03-01-05-01-02-02-16.wav,03-01-05-01-02-02-16.wav,03,speech,05,angry,normal,02,02,16,female
../../data\Actor_16\03-01-05-02-01-01-16.wav,03-01-05-02-01-01-16.wav,03,speech,05,angry,strong,01,01,16,female
../../data\Actor_16\03-01-05-02-01-02-16.wav,03-01-05-02-01-02-16.wav,03,speech,05,angry,strong,01,02,16,female
../../data\Actor_16\03-01-05-02-02-01-16.wav,03-01-05-02-02-01-16.wav,03,speech,05,angry,strong,02,01,16,female
../../data\Actor_16\03-01-05-02-02-02-16.wav,03-01-05-02-02-02-16.wav,03,speech,05,angry,strong,02,02,16,female
../../data\Actor_16\03-01-06-01-01-01-16.wav,03-01-06-01-01-01-16.wav,03,speech,06,fearful,normal,01,01,16,female
../../data\Actor_16\03-01-06-01-01-02-16.wav,03-01-06-01-01-02-16.wav,03,speech,06,fearful,normal,01,02,16,female
../../data\Actor_16\03-01-06-01-02-01-16.wav,03-01-06-01-02-01-16.wav,03,speech,06,fearful,normal,02,01,16,female
../../data\Actor_16\03-01-06-01-02-02-16.wav,03-01-06-01-02-02-16.wav,03,speech,06,fearful,normal,02,02,16,female
../../data\Actor_16\03-01-06-02-01-01-16.wav,03-01-06-02-01-01-16.wav,03,speech,06,fearful,strong,01,01,16,female
../../data\Actor_16\03-01-06-02-01-02-16.wav,03-01-06-02-01-02-16.wav,03,speech,06,fearful,strong,01,02,16,female
../../data\Actor_16\03-01-06-02-02-01-16.wav,03-01-06-02-02-01-16.wav,03,speech,06,fearful,strong,02,01,16,female
../../data\Actor_16\03-01-06-02-02-02-16.wav,03-01-06-02-02-02-16.wav,03,speech,06,fearful,strong,02,02,16,female
../../data\Actor_16\03-01-07-01-01-01-16.wav,03-01-07-01-01-01-16.wav,03,speech,07,disgust,normal,01,01,16,female
../../data\Actor_16\03-01-07-01-01-02-16.wav,03-01-07-01-01-02-16.wav,03,speech,07,disgust,normal,01,02,16,female
../../data\Actor_16\03-01-07-01-02-01-16.wav,03-01-07-01-02-01-16.wav,03,speech,07,disgust,normal,02,01,16,female
../../data\Actor_16\03-01-07-01-02-02-16.wav,03-01-07-01-02-02-16.wav,03,speech,07,disgust,normal,02,02,16,female
../../data\Actor_16\03-01-07-02-01-01-16.wav,03-01-07-02-01-01-16.wav,03,speech,07,disgust,strong,01,01,16,female
../../data\Actor_16\03-01-07-02-01-02-16.wav,03-01-07-02-01-02-16.wav,03,speech,07,disgust,strong,01,02,16,female
../../data\Actor_16\03-01-07-02-02-01-16.wav,03-01-07-02-02-01-16.wav,03,speech,07,disgust,strong,02,01,16,female
../../data\Actor_16\03-01-07-02-02-02-16.wav,03-01-07-02-02-02-16.wav,03,speech,07,disgust,strong,02,02,16,female
../../data\Actor_16\03-01-08-01-01-01-16.wav,03-01-08-01-01-01-16.wav,03,speech,08,surprised,normal,01,01,16,female
../../data\Actor_16\03-01-08-01-01-02-16.wav,03-01-08-01-01-02-16.wav,03,speech,08,surprised,normal,01,02,16,female
../../data\Actor_16\03-01-08-01-02-01-16.wav,03-01-08-01-02-01-16.wav,03,speech,08,surprised,normal,02,01,16,female
../../data\Actor_16\03-01-08-01-02-02-16.wav,03-01-08-01-02-02-16.wav,03,speech,08,surprised,normal,02,02,16,female
../../data\Actor_16\03-01-08-02-01-01-16.wav,03-01-08-02-01-01-16.wav,03,speech,08,surprised,strong,01,01,16,female
../../data\Actor_16\03-01-08-02-01-02-16.wav,03-01-08-02-01-02-16.wav,03,speech,08,surprised,strong,01,02,16,female
../../data\Actor_16\03-01-08-02-02-01-16.wav,03-01-08-02-02-01-16.wav,03,speech,08,surprised,strong,02,01,16,female
../../data\Actor_16\03-01-08-02-02-02-16.wav,03-01-08-02-02-02-16.wav,03,speech,08,surprised,strong,02,02,16,female
../../data\Actor_16\03-02-01-01-01-01-16.wav,03-02-01-01-01-01-16.wav,03,song,01,neutral,normal,01,01,16,female
../../data\Actor_16\03-02-01-01-01-02-16.wav,03-02-01-01-01-02-16.wav,03,song,01,neutral,normal,01,02,16,female
../../data\Actor_16\03-02-01-01-02-01-16.wav,03-02-01-01-02-01-16.wav,03,song,01,neutral,normal,02,01,16,female
../../data\Actor_16\03-02-01-01-02-02-16.wav,03-02-01-01-02-02-16.wav,03,song,01,neutral,normal,02,02,16,female
../../data\Actor_16\03-02-02-01-01-01-16.wav,03-02-02-01-01-01-16.wav,03,song,02,calm,normal,01,01,16,female
../../data\Actor_16\03-02-02-01-01-02-16.wav,03-02-02-01-01-02-16.wav,03,song,02,calm,normal,01,02,16,female
../../data\Actor_16\03-02-02-01-02-01-16.wav,03-02-02-01-02-01-16.wav,03,song,02,calm,normal,02,01,16,female
../../data\Actor_16\03-02-02-01-02-02-16.wav,03-02-02-01-02-02-16.wav,03,song,02,calm,normal,02,02,16,female
../../data\Actor_16\03-02-02-02-01-01-16.wav,03-02-02-02-01-01-16.wav,03,song,02,calm,strong,01,01,16,female
../../data\Actor_16\03-02-02-02-01-02-16.wav,03-02-02-02-01-02-16.wav,03,song,02,calm,strong,01,02,16,female
../../data\Actor_16\03-02-02-02-02-01-16.wav,03-02-02-02-02-01-16.wav,03,song,02,calm,strong,02,01,16,female
../../data\Actor_16\03-02-02-02-02-02-16.wav,03-02-02-02-02-02-16.wav,03,song,02,calm,strong,02,02,16,female
../../data\Actor_16\03-02-03-01-01-01-16.wav,03-02-03-01-01-01-16.wav,03,song,03,happy,normal,01,01,16,female
../../data\Actor_16\03-02-03-01-01-02-16.wav,03-02-03-01-01-02-16.wav,03,song,03,happy,normal,01,02,16,female
../../data\Actor_16\03-02-03-01-02-01-16.wav,03-02-03-01-02-01-16.wav,03,song,03,happy,normal,02,01,16,female
../../data\Actor_16\03-02-03-01-02-02-16.wav,03-02-03-01-02-02-16.wav,03,song,03,happy,normal,02,02,16,female
../../data\Actor_16\03-02-03-02-01-01-16.wav,03-02-03-02-01-01-16.wav,03,song,03,happy,strong,01,01,16,female
../../data\Actor_16\03-02-03-02-01-02-16.wav,03-02-03-02-01-02-16.wav,03,song,03,happy,strong,01,02,16,female
../../data\Actor_16\03-02-03-02-02-01-16.wav,03-02-03-02-02-01-16.wav,03,song,03,happy,strong,02,01,16,female
../../data\Actor_16\03-02-03-02-02-02-16.wav,03-02-03-02-02-02-16.wav,03,song,03,happy,strong,02,02,16,female
../../data\Actor_16\03-02-04-01-01-01-16.wav,03-02-04-01-01-01-16.wav,03,song,04,sad,normal,01,01,16,female
../../data\Actor_16\03-02-04-01-01-02-16.wav,03-02-04-01-01-02-16.wav,03,song,04,sad,normal,01,02,16,female
../../data\Actor_16\03-02-04-01-02-01-16.wav,03-02-04-01-02-01-16.wav,03,song,04,sad,normal,02,01,16,female
../../data\Actor_16\03-02-04-01-02-02-16.wav,03-02-04-01-02-02-16.wav,03,song,04,sad,normal,02,02,16,female
../../data\Actor_16\03-02-04-02-01-01-16.wav,03-02-04-02-01-01-16.wav,03,song,04,sad,strong,01,01,16,female
../../data\Actor_16\03-02-04-02-01-02-16.wav,03-02-04-02-01-02-16.wav,03,song,04,sad,strong,01,02,16,female
../../data\Actor_16\03-02-04-02-02-01-16.wav,03-02-04-02-02-01-16.wav,03,song,04,sad,strong,02,01,16,female
../../data\Actor_16\03-02-04-02-02-02-16.wav,03-02-04-02-02-02-16.wav,03,song,04,sad,strong,02,02,16,female
../../data\Actor_16\03-02-05-01-01-01-16.wav,03-02-05-01-01-01-16.wav,03,song,05,angry,normal,01,01,16,female
../../data\Actor_16\03-02-05-01-01-02-16.wav,03-02-05-01-01-02-16.wav,03,song,05,angry,normal,01,02,16,female
../../data\Actor_16\03-02-05-01-02-01-16.wav,03-02-05-01-02-01-16.wav,03,song,05,angry,normal,02,01,16,female
../../data\Actor_16\03-02-05-01-02-02-16.wav,03-02-05-01-02-02-16.wav,03,song,05,angry,normal,02,02,16,female
../../data\Actor_16\03-02-05-02-01-01-16.wav,03-02-05-02-01-01-16.wav,03,song,05,angry,strong,01,01,16,female
../../data\Actor_16\03-02-05-02-01-02-16.wav,03-02-05-02-01-02-16.wav,03,song,05,angry,strong,01,02,16,female
../../data\Actor_16\03-02-05-02-02-01-16.wav,03-02-05-02-02-01-16.wav,03,song,05,angry,strong,02,01,16,female
../../data\Actor_16\03-02-05-02-02-02-16.wav,03-02-05-02-02-02-16.wav,03,song,05,angry,strong,02,02,16,female
../../data\Actor_16\03-02-06-01-01-01-16.wav,03-02-06-01-01-01-16.wav,03,song,06,fearful,normal,01,01,16,female
../../data\Actor_16\03-02-06-01-01-02-16.wav,03-02-06-01-01-02-16.wav,03,song,06,fearful,normal,01,02,16,female
../../data\Actor_16\03-02-06-01-02-01-16.wav,03-02-06-01-02-01-16.wav,03,song,06,fearful,normal,02,01,16,female
../../data\Actor_16\03-02-06-01-02-02-16.wav,03-02-06-01-02-02-16.wav,03,song,06,fearful,normal,02,02,16,female
../../data\Actor_16\03-02-06-02-01-01-16.wav,03-02-06-02-01-01-16.wav,03,song,06,fearful,strong,01,01,16,female
../../data\Actor_16\03-02-06-02-01-02-16.wav,03-02-06-02-01-02-16.wav,03,song,06,fearful,strong,01,02,16,female
../../data\Actor_16\03-02-06-02-02-01-16.wav,03-02-06-02-02-01-16.wav,03,song,06,fearful,strong,02,01,16,female
../../data\Actor_16\03-02-06-02-02-02-16.wav,03-02-06-02-02-02-16.wav,03,song,06,fearful,strong,02,02,16,female
../../data\Actor_17\03-01-01-01-01-01-17.wav,03-01-01-01-01-01-17.wav,03,speech,01,neutral,normal,01,01,17,male
../../data\Actor_17\03-01-01-01-01-02-17.wav,03-01-01-01-01-02-17.wav,03,speech,01,neutral,normal,01,02,17,male
../../data\Actor_17\03-01-01-01-02-01-17.wav,03-01-01-01-02-01-17.wav,03,speech,01,neutral,normal,02,01,17,male
../../data\Actor_17\03-01-01-01-02-02-17.wav,03-01-01-01-02-02-17.wav,03,speech,01,neutral,normal,02,02,17,male
../../data\Actor_17\03-01-02-01-01-01-17.wav,03-01-02-01-01-01-17.wav,03,speech,02,calm,normal,01,01,17,male
../../data\Actor_17\03-01-02-01-01-02-17.wav,03-01-02-01-01-02-17.wav,03,speech,02,calm,normal,01,02,17,male
../../data\Actor_17\03-01-02-01-02-01-17.wav,03-01-02-01-02-01-17.wav,03,speech,02,calm,normal,02,01,17,male
../../data\Actor_17\03-01-02-01-02-02-17.wav,03-01-02-01-02-02-17.wav,03,speech,02,calm,normal,02,02,17,male
../../data\Actor_17\03-01-02-02-01-01-17.wav,03-01-02-02-01-01-17.wav,03,speech,02,calm,strong,01,01,17,male
../../data\Actor_17\03-01-02-02-01-02-17.wav,03-01-02-02-01-02-17.wav,03,speech,02,calm,strong,01,02,17,male
../../data\Actor_17\03-01-02-02-02-01-17.wav,03-01-02-02-02-01-17.wav,03,speech,02,calm,strong,02,01,17,male
../../data\Actor_17\03-01-02-02-02-02-17.wav,03-01-02-02-02-02-17.wav,03,speech,02,calm,strong,02,02,17,male
../../data\Actor_17\03-01-03-01-01-01-17.wav,03-01-03-01-01-01-17.wav,03,speech,03,happy,normal,01,01,17,male
../../data\Actor_17\03-01-03-01-01-02-17.wav,03-01-03-01-01-02-17.wav,03,speech,03,happy,normal,01,02,17,male
../../data\Actor_17\03-01-03-01-02-01-17.wav,03-01-03-01-02-01-17.wav,03,speech,03,happy,normal,02,01,17,male
../../data\Actor_17\03-01-03-01-02-02-17.wav,03-01-03-01-02-02-17.wav,03,speech,03,happy,normal,02,02,17,male
../../data\Actor_17\03-01-03-02-01-01-17.wav,03-01-03-02-01-01-17.wav,03,speech,03,happy,strong,01,01,17,male
../../data\Actor_17\03-01-03-02-01-02-17.wav,03-01-03-02-01-02-17.wav,03,speech,03,happy,strong,01,02,17,male
../../data\Actor_17\03-01-03-02-02-01-17.wav,03-01-03-02-02-01-17.wav,03,speech,03,happy,strong,02,01,17,male
../../data\Actor_17\03-01-03-02-02-02-17.wav,03-01-03-02-02-02-17.wav,03,speech,03,happy,strong,02,02,17,male
../../data\Actor_17\03-01-04-01-01-01-17.wav,03-01-04-01-01-01-17.wav,03,speech,04,sad,normal,01,01,17,male
../../data\Actor_17\03-01-04-01-01-02-17.wav,03-01-04-01-01-02-17.wav,03,speech,04,sad,normal,01,02,17,male
../../data\Actor_17\03-01-04-01-02-01-17.wav,03-01-04-01-02-01-17.wav,03,speech,04,sad,normal,02,01,17,male
../../data\Actor_17\03-01-04-01-02-02-17.wav,03-01-04-01-02-02-17.wav,03,speech,04,sad,normal,02,02,17,male
../../data\Actor_17\03-01-04-02-01-01-17.wav,03-01-04-02-01-01-17.wav,03,speech,04,sad,strong,01,01,17,male
../../data\Actor_17\03-01-04-02-01-02-17.wav,03-01-04-02-01-02-17.wav,03,speech,04,sad,strong,01,02,17,male
../../data\Actor_17\03-01-04-02-02-01-17.wav,03-01-04-02-02-01-17.wav,03,speech,04,sad,strong,02,01,17,male
../../data\Actor_17\03-01-04-02-02-02-17.wav,03-01-04-02-02-02-17.wav,03,speech,04,sad,strong,02,02,17,male
../../data\Actor_17\03-01-05-01-01-01-17.wav,03-01-05-01-01-01-17.wav,03,speech,05,angry,normal,01,01,17,male
../../data\Actor_17\03-01-05-01-01-02-17.wav,03-01-05-01-01-02-17.wav,03,speech,05,angry,normal,01,02,17,male
../../data\Actor_17\03-01-05-01-02-01-17.wav,03-01-05-01-02-01-17.wav,03,speech,05,angry,normal,02,01,17,male
../../data\Actor_17\03-01-05-01-02-02-17.wav,03-01-05-01-02-02-17.wav,03,speech,05,angry,normal,02,02,17,male
../../data\Actor_17\03-01-05-02-01-01-17.wav,03-01-05-02-01-01-17.wav,03,speech,05,angry,strong,01,01,17,male
../../data\Actor_17\03-01-05-02-01-02-17.wav,03-01-05-02-01-02-17.wav,03,speech,05,angry,strong,01,02,17,male
../../data\Actor_17\03-01-05-02-02-01-17.wav,03-01-05-02-02-01-17.wav,03,speech,05,angry,strong,02,01,17,male
../../data\Actor_17\03-01-05-02-02-02-17.wav,03-01-05-02-02-02-17.wav,03,speech,05,angry,strong,02,02,17,male
../../data\Actor_17\03-01-06-01-01-01-17.wav,03-01-06-01-01-01-17.wav,03,speech,06,fearful,normal,01,01,17,male
../../data\Actor_17\03-01-06-01-01-02-17.wav,03-01-06-01-01-02-17.wav,03,speech,06,fearful,normal,01,02,17,male
../../data\Actor_17\03-01-06-01-02-01-17.wav,03-01-06-01-02-01-17.wav,03,speech,06,fearful,normal,02,01,17,male
../../data\Actor_17\03-01-06-01-02-02-17.wav,03-01-06-01-02-02-17.wav,03,speech,06,fearful,normal,02,02,17,male
../../data\Actor_17\03-01-06-02-01-01-17.wav,03-01-06-02-01-01-17.wav,03,speech,06,fearful,strong,01,01,17,male
../../data\Actor_17\03-01-06-02-01-02-17.wav,03-01-06-02-01-02-17.wav,03,speech,06,fearful,strong,01,02,17,male
../../data\Actor_17\03-01-06-02-02-01-17.wav,03-01-06-02-02-01-17.wav,03,speech,06,fearful,strong,02,01,17,male
../../data\Actor_17\03-01-06-02-02-02-17.wav,03-01-06-02-02-02-17.wav,03,speech,06,fearful,strong,02,02,17,male
../../data\Actor_17\03-01-07-01-01-01-17.wav,03-01-07-01-01-01-17.wav,03,speech,07,disgust,normal,01,01,17,male
../../data\Actor_17\03-01-07-01-01-02-17.wav,03-01-07-01-01-02-17.wav,03,speech,07,disgust,normal,01,02,17,male
../../data\Actor_17\03-01-07-01-02-01-17.wav,03-01-07-01-02-01-17.wav,03,speech,07,disgust,normal,02,01,17,male
../../data\Actor_17\03-01-07-01-02-02-17.wav,03-01-07-01-02-02-17.wav,03,speech,07,disgust,normal,02,02,17,male
../../data\Actor_17\03-01-07-02-01-01-17.wav,03-01-07-02-01-01-17.wav,03,speech,07,disgust,strong,01,01,17,male
../../data\Actor_17\03-01-07-02-01-02-17.wav,03-01-07-02-01-02-17.wav,03,speech,07,disgust,strong,01,02,17,male
../../data\Actor_17\03-01-07-02-02-01-17.wav,03-01-07-02-02-01-17.wav,03,speech,07,disgust,strong,02,01,17,male
../../data\Actor_17\03-01-07-02-02-02-17.wav,03-01-07-02-02-02-17.wav,03,speech,07,disgust,strong,02,02,17,male
../../data\Actor_17\03-01-08-01-01-01-17.wav,03-01-08-01-01-01-17.wav,03,speech,08,surprised,normal,01,01,17,male
../../data\Actor_17\03-01-08-01-01-02-17.wav,03-01-08-01-01-02-17.wav,03,speech,08,surprised,normal,01,02,17,male
../../data\Actor_17\03-01-08-01-02-01-17.wav,03-01-08-01-02-01-17.wav,03,speech,08,surprised,normal,02,01,17,male
../../data\Actor_17\03-01-08-01-02-02-17.wav,03-01-08-01-02-02-17.wav,03,speech,08,surprised,normal,02,02,17,male
../../data\Actor_17\03-01-08-02-01-01-17.wav,03-01-08-02-01-01-17.wav,03,speech,08,surprised,strong,01,01,17,male
../../data\Actor_17\03-01-08-02-01-02-17.wav,03-01-08-02-01-02-17.wav,03,speech,08,surprised,strong,01,02,17,male
../../data\Actor_17\03-01-08-02-02-01-17.wav,03-01-08-02-02-01-17.wav,03,speech,08,surprised,strong,02,01,17,male
../../data\Actor_17\03-01-08-02-02-02-17.wav,03-01-08-02-02-02-17.wav,03,speech,08,surprised,strong,02,02,17,male
../../data\Actor_17\03-02-01-01-01-01-17.wav,03-02-01-01-01-01-17.wav,03,song,01,neutral,normal,01,01,17,male
../../data\Actor_17\03-02-01-01-01-02-17.wav,03-02-01-01-01-02-17.wav,03,song,01,neutral,normal,01,02,17,male
../../data\Actor_17\03-02-01-01-02-01-17.wav,03-02-01-01-02-01-17.wav,03,song,01,neutral,normal,02,01,17,male
../../data\Actor_17\03-02-01-01-02-02-17.wav,03-02-01-01-02-02-17.wav,03,song,01,neutral,normal,02,02,17,male
../../data\Actor_17\03-02-02-01-01-01-17.wav,03-02-02-01-01-01-17.wav,03,song,02,calm,normal,01,01,17,male
../../data\Actor_17\03-02-02-01-01-02-17.wav,03-02-02-01-01-02-17.wav,03,song,02,calm,normal,01,02,17,male
../../data\Actor_17\03-02-02-01-02-01-17.wav,03-02-02-01-02-01-17.wav,03,song,02,calm,normal,02,01,17,male
../../data\Actor_17\03-02-02-01-02-02-17.wav,03-02-02-01-02-02-17.wav,03,song,02,calm,normal,02,02,17,male
../../data\Actor_17\03-02-02-02-01-01-17.wav,03-02-02-02-01-01-17.wav,03,song,02,calm,strong,01,01,17,male
../../data\Actor_17\03-02-02-02-01-02-17.wav,03-02-02-02-01-02-17.wav,03,song,02,calm,strong,01,02,17,male
../../data\Actor_17\03-02-02-02-02-01-17.wav,03-02-02-02-02-01-17.wav,03,song,02,calm,strong,02,01,17,male
../../data\Actor_17\03-02-02-02-02-02-17.wav,03-02-02-02-02-02-17.wav,03,song,02,calm,strong,02,02,17,male
../../data\Actor_17\03-02-03-01-01-01-17.wav,03-02-03-01-01-01-17.wav,03,song,03,happy,normal,01,01,17,male
../../data\Actor_17\03-02-03-01-01-02-17.wav,03-02-03-01-01-02-17.wav,03,song,03,happy,normal,01,02,17,male
../../data\Actor_17\03-02-03-01-02-01-17.wav,03-02-03-01-02-01-17.wav,03,song,03,happy,normal,02,01,17,male
../../data\Actor_17\03-02-03-01-02-02-17.wav,03-02-03-01-02-02-17.wav,03,song,03,happy,normal,02,02,17,male
../../data\Actor_17\03-02-03-02-01-01-17.wav,03-02-03-02-01-01-17.wav,03,song,03,happy,strong,01,01,17,male
../../data\Actor_17\03-02-03-02-01-02-17.wav,03-02-03-02-01-02-17.wav,03,song,03,happy,strong,01,02,17,male
../../data\Actor_17\03-02-03-02-02-01-17.wav,03-02-03-02-02-01-17.wav,03,song,03,happy,strong,02,01,17,male
../../data\Actor_17\03-02-03-02-02-02-17.wav,03-02-03-02-02-02-17.wav,03,song,03,happy,strong,02,02,17,male
../../data\Actor_17\03-02-04-01-01-01-17.wav,03-02-04-01-01-01-17.wav,03,song,04,sad,normal,01,01,17,male
../../data\Actor_17\03-02-04-01-01-02-17.wav,03-02-04-01-01-02-17.wav,03,song,04,sad,normal,01,02,17,male
../../data\Actor_17\03-02-04-01-02-01-17.wav,03-02-04-01-02-01-17.wav,03,song,04,sad,normal,02,01,17,male
../../data\Actor_17\03-02-04-01-02-02-17.wav,03-02-04-01-02-02-17.wav,03,song,04,sad,normal,02,02,17,male
../../data\Actor_17\03-02-04-02-01-01-17.wav,03-02-04-02-01-01-17.wav,03,song,04,sad,strong,01,01,17,male
../../data\Actor_17\03-02-04-02-01-02-17.wav,03-02-04-02-01-02-17.wav,03,song,04,sad,strong,01,02,17,male
../../data\Actor_17\03-02-04-02-02-01-17.wav,03-02-04-02-02-01-17.wav,03,song,04,sad,strong,02,01,17,male
../../data\Actor_17\03-02-04-02-02-02-17.wav,03-02-04-02-02-02-17.wav,03,song,04,sad,strong,02,02,17,male
../../data\Actor_17\03-02-05-01-01-01-17.wav,03-02-05-01-01-01-17.wav,03,song,05,angry,normal,01,01,17,male
../../data\Actor_17\03-02-05-01-01-02-17.wav,03-02-05-01-01-02-17.wav,03,song,05,angry,normal,01,02,17,male
../../data\Actor_17\03-02-05-01-02-01-17.wav,03-02-05-01-02-01-17.wav,03,song,05,angry,normal,02,01,17,male
../../data\Actor_17\03-02-05-01-02-02-17.wav,03-02-05-01-02-02-17.wav,03,song,05,angry,normal,02,02,17,male
../../data\Actor_17\03-02-05-02-01-01-17.wav,03-02-05-02-01-01-17.wav,03,song,05,angry,strong,01,01,17,male
../../data\Actor_17\03-02-05-02-01-02-17.wav,03-02-05-02-01-02-17.wav,03,song,05,angry,strong,01,02,17,male
../../data\Actor_17\03-02-05-02-02-01-17.wav,03-02-05-02-02-01-17.wav,03,song,05,angry,strong,02,01,17,male
../../data\Actor_17\03-02-05-02-02-02-17.wav,03-02-05-02-02-02-17.wav,03,song,05,angry,strong,02,02,17,male
../../data\Actor_17\03-02-06-01-01-01-17.wav,03-02-06-01-01-01-17.wav,03,song,06,fearful,normal,01,01,17,male
../../data\Actor_17\03-02-06-01-01-02-17.wav,03-02-06-01-01-02-17.wav,03,song,06,fearful,normal,01,02,17,male
../../data\Actor_17\03-02-06-01-02-01-17.wav,03-02-06-01-02-01-17.wav,03,song,06,fearful,normal,02,01,17,male
../../data\Actor_17\03-02-06-01-02-02-17.wav,03-02-06-01-02-02-17.wav,03,song,06,fearful,normal,02,02,17,male
../../data\Actor_17\03-02-06-02-01-01-17.wav,03-02-06-02-01-01-17.wav,03,song,06,fearful,strong,01,01,17,male
../../data\Actor_17\03-02-06-02-01-02-17.wav,03-02-06-02-01-02-17.wav,03,song,06,fearful,strong,01,02,17,male
../../data\Actor_17\03-02-06-02-02-01-17.wav,03-02-06-02-02-01-17.wav,03,song,06,fearful,strong,02,01,17,male
../../data\Actor_17\03-02-06-02-02-02-17.wav,03-02-06-02-02-02-17.wav,03,song,06,fearful,strong,02,02,17,male
../../data\Actor_18\03-01-01-01-01-01-18.wav,03-01-01-01-01-01-18.wav,03,speech,01,neutral,normal,01,01,18,female
../../data\Actor_18\03-01-01-01-01-02-18.wav,03-01-01-01-01-02-18.wav,03,speech,01,neutral,normal,01,02,18,female
../../data\Actor_18\03-01-01-01-02-01-18.wav,03-01-01-01-02-01-18.wav,03,speech,01,neutral,normal,02,01,18,female
../../data\Actor_18\03-01-01-01-02-02-18.wav,03-01-01-01-02-02-18.wav,03,speech,01,neutral,normal,02,02,18,female
../../data\Actor_18\03-01-02-01-01-01-18.wav,03-01-02-01-01-01-18.wav,03,speech,02,calm,normal,01,01,18,female
../../data\Actor_18\03-01-02-01-01-02-18.wav,03-01-02-01-01-02-18.wav,03,speech,02,calm,normal,01,02,18,female
../../data\Actor_18\03-01-02-01-02-01-18.wav,03-01-02-01-02-01-18.wav,03,speech,02,calm,normal,02,01,18,female
../../data\Actor_18\03-01-02-01-02-02-18.wav,03-01-02-01-02-02-18.wav,03,speech,02,calm,normal,02,02,18,female
../../data\Actor_18\03-01-02-02-01-01-18.wav,03-01-02-02-01-01-18.wav,03,speech,02,calm,strong,01,01,18,female
../../data\Actor_18\03-01-02-02-01-02-18.wav,03-01-02-02-01-02-18.wav,03,speech,02,calm,strong,01,02,18,female
../../data\Actor_18\03-01-02-02-02-01-18.wav,03-01-02-02-02-01-18.wav,03,speech,02,calm,strong,02,01,18,female
../../data\Actor_18\03-01-02-02-02-02-18.wav,03-01-02-02-02-02-18.wav,03,speech,02,calm,strong,02,02,18,female
../../data\Actor_18\03-01-03-01-01-01-18.wav,03-01-03-01-01-01-18.wav,03,speech,03,happy,normal,01,01,18,female
../../data\Actor_18\03-01-03-01-01-02-18.wav,03-01-03-01-01-02-18.wav,03,speech,03,happy,normal,01,02,18,female
../../data\Actor_18\03-01-03-01-02-01-18.wav,03-01-03-01-02-01-18.wav,03,speech,03,happy,normal,02,01,18,female
../../data\Actor_18\03-01-03-01-02-02-18.wav,03-01-03-01-02-02-18.wav,03,speech,03,happy,normal,02,02,18,female
../../data\Actor_18\03-01-03-02-01-01-18.wav,03-01-03-02-01-01-18.wav,03,speech,03,happy,strong,01,01,18,female
../../data\Actor_18\03-01-03-02-01-02-18.wav,03-01-03-02-01-02-18.wav,03,speech,03,happy,strong,01,02,18,female
../../data\Actor_18\03-01-03-02-02-01-18.wav,03-01-03-02-02-01-18.wav,03,speech,03,happy,strong,02,01,18,female
../../data\Actor_18\03-01-03-02-02-02-18.wav,03-01-03-02-02-02-18.wav,03,speech,03,happy,strong,02,02,18,female
../../data\Actor_18\03-01-04-01-01-01-18.wav,03-01-04-01-01-01-18.wav,03,speech,04,sad,normal,01,01,18,female
../../data\Actor_18\03-01-04-01-01-02-18.wav,03-01-04-01-01-02-18.wav,03,speech,04,sad,normal,01,02,18,female
../../data\Actor_18\03-01-04-01-02-01-18.wav,03-01-04-01-02-01-18.wav,03,speech,04,sad,normal,02,01,18,female
../../data\Actor_18\03-01-04-01-02-02-18.wav,03-01-04-01-02-02-18.wav,03,speech,04,sad,normal,02,02,18,female
../../data\Actor_18\03-01-04-02-01-01-18.wav,03-01-04-02-01-01-18.wav,03,speech,04,sad,strong,01,01,18,female
../../data\Actor_18\03-01-04-02-01-02-18.wav,03-01-04-02-01-02-18.wav,03,speech,04,sad,strong,01,02,18,female
../../data\Actor_18\03-01-04-02-02-01-18.wav,03-01-04-02-02-01-18.wav,03,speech,04,sad,strong,02,01,18,female
../../data\Actor_18\03-01-04-02-02-02-18.wav,03-01-04-02-02-02-18.wav,03,speech,04,sad,strong,02,02,18,female
../../data\Actor_18\03-01-05-01-01-01-18.wav,03-01-05-01-01-01-18.wav,03,speech,05,angry,normal,01,01,18,female
../../data\Actor_18\03-01-05-01-01-02-18.wav,03-01-05-01-01-02-18.wav,03,speech,05,angry,normal,01,02,18,female
../../data\Actor_18\03-01-05-01-02-01-18.wav,03-01-05-01-02-01-18.wav,03,speech,05,angry,normal,02,01,18,female
../../data\Actor_18\03-01-05-01-02-02-18.wav,03-01-05-01-02-02-18.wav,03,speech,05,angry,normal,02,02,18,female
../../data\Actor_18\03-01-05-02-01-01-18.wav,03-01-05-02-01-01-18.wav,03,speech,05,angry,strong,01,01,18,female
../../data\Actor_18\03-01-05-02-01-02-18.wav,03-01-05-02-01-02-18.wav,03,speech,05,angry,strong,01,02,18,female
../../data\Actor_18\03-01-05-02-02-01-18.wav,03-01-05-02-02-01-18.wav,03,speech,05,angry,strong,02,01,18,female
../../data\Actor_18\03-01-05-02-02-02-18.wav,03-01-05-02-02-02-18.wav,03,speech,05,angry,strong,02,02,18,female
../../data\Actor_18\03-01-06-01-01-01-18.wav,03-01-06-01-01-01-18.wav,03,speech,06,fearful,normal,01,01,18,female
../../data\Actor_18\03-01-06-01-01-02-18.wav,03-01-06-01-01-02-18.wav,03,speech,06,fearful,normal,01,02,18,female
../../data\Actor_18\03-01-06-01-02-01-18.wav,03-01-06-01-02-01-18.wav,03,speech,06,fearful,normal,02,01,18,female
../../data\Actor_18\03-01-06-01-02-02-18.wav,03-01-06-01-02-02-18.wav,03,speech,06,fearful,normal,02,02,18,female
../../data\Actor_18\03-01-06-02-01-01-18.wav,03-01-06-02-01-01-18.wav,03,speech,06,fearful,strong,01,01,18,female
../../data\Actor_18\03-01-06-02-01-02-18.wav,03-01-06-02-01-02-18.wav,03,speech,06,fearful,strong,01,02,18,female
../../data\Actor_18\03-01-06-02-02-01-18.wav,03-01-06-02-02-01-18.wav,03,speech,06,fearful,strong,02,01,18,female
../../data\Actor_18\03-01-06-02-02-02-18.wav,03-01-06-02-02-02-18.wav,03,speech,06,fearful,strong,02,02,18,female
../../data\Actor_18\03-01-07-01-01-01-18.wav,03-01-07-01-01-01-18.wav,03,speech,07,disgust,normal,01,01,18,female
../../data\Actor_18\03-01-07-01-01-02-18.wav,03-01-07-01-01-02-18.wav,03,speech,07,disgust,normal,01,02,18,female
../../data\Actor_18\03-01-07-01-02-01-18.wav,03-01-07-01-02-01-18.wav,03,speech,07,disgust,normal,02,01,18,female
../../data\Actor_18\03-01-07-01-02-02-18.wav,03-01-07-01-02-02-18.wav,03,speech,07,disgust,normal,02,02,18,female
../../data\Actor_18\03-01-07-02-01-01-18.wav,03-01-07-02-01-01-18.wav,03,speech,07,disgust,strong,01,01,18,female
../../data\Actor_18\03-01-07-02-01-02-18.wav,03-01-07-02-01-02-18.wav,03,speech,07,disgust,strong,01,02,18,female
../../data\Actor_18\03-01-07-02-02-01-18.wav,03-01-07-02-02-01-18.wav,03,speech,07,disgust,strong,02,01,18,female
../../data\Actor_18\03-01-07-02-02-02-18.wav,03-01-07-02-02-02-18.wav,03,speech,07,disgust,strong,02,02,18,female
../../data\Actor_18\03-01-08-01-01-01-18.wav,03-01-08-01-01-01-18.wav,03,speech,08,surprised,normal,01,01,18,female
../../data\Actor_18\03-01-08-01-01-02-18.wav,03-01-08-01-01-02-18.wav,03,speech,08,surprised,normal,01,02,18,female
../../data\Actor_18\03-01-08-01-02-01-18.wav,03-01-08-01-02-01-18.wav,03,speech,08,surprised,normal,02,01,18,female
../../data\Actor_18\03-01-08-01-02-02-18.wav,03-01-08-01-02-02-18.wav,03,speech,08,surprised,normal,02,02,18,female
../../data\Actor_18\03-01-08-02-01-01-18.wav,03-01-08-02-01-01-18.wav,03,speech,08,surprised,strong,01,01,18,female
../../data\Actor_18\03-01-08-02-01-02-18.wav,03-01-08-02-01-02-18.wav,03,speech,08,surprised,strong,01,02,18,female
../../data\Actor_18\03-01-08-02-02-01-18.wav,03-01-08-02-02-01-18.wav,03,speech,08,surprised,strong,02,01,18,female
../../data\Actor_18\03-01-08-02-02-02-18.wav,03-01-08-02-02-02-18.wav,03,speech,08,surprised,strong,02,02,18,female
../../data\Actor_19\03-01-01-01-01-01-19.wav,03-01-01-01-01-01-19.wav,03,speech,01,neutral,normal,01,01,19,male
../../data\Actor_19\03-01-01-01-01-02-19.wav,03-01-01-01-01-02-19.wav,03,speech,01,neutral,normal,01,02,19,male
../../data\Actor_19\03-01-01-01-02-01-19.wav,03-01-01-01-02-01-19.wav,03,speech,01,neutral,normal,02,01,19,male
../../data\Actor_19\03-01-01-01-02-02-19.wav,03-01-01-01-02-02-19.wav,03,speech,01,neutral,normal,02,02,19,male
../../data\Actor_19\03-01-02-01-01-01-19.wav,03-01-02-01-01-01-19.wav,03,speech,02,calm,normal,01,01,19,male
../../data\Actor_19\03-01-02-01-01-02-19.wav,03-01-02-01-01-02-19.wav,03,speech,02,calm,normal,01,02,19,male
../../data\Actor_19\03-01-02-01-02-01-19.wav,03-01-02-01-02-01-19.wav,03,speech,02,calm,normal,02,01,19,male
../../data\Actor_19\03-01-02-01-02-02-19.wav,03-01-02-01-02-02-19.wav,03,speech,02,calm,normal,02,02,19,male
../../data\Actor_19\03-01-02-02-01-01-19.wav,03-01-02-02-01-01-19.wav,03,speech,02,calm,strong,01,01,19,male
../../data\Actor_19\03-01-02-02-01-02-19.wav,03-01-02-02-01-02-19.wav,03,speech,02,calm,strong,01,02,19,male
../../data\Actor_19\03-01-02-02-02-01-19.wav,03-01-02-02-02-01-19.wav,03,speech,02,calm,strong,02,01,19,male
../../data\Actor_19\03-01-02-02-02-02-19.wav,03-01-02-02-02-02-19.wav,03,speech,02,calm,strong,02,02,19,male
../../data\Actor_19\03-01-03-01-01-01-19.wav,03-01-03-01-01-01-19.wav,03,speech,03,happy,normal,01,01,19,male
../../data\Actor_19\03-01-03-01-01-02-19.wav,03-01-03-01-01-02-19.wav,03,speech,03,happy,normal,01,02,19,male
../../data\Actor_19\03-01-03-01-02-01-19.wav,03-01-03-01-02-01-19.wav,03,speech,03,happy,normal,02,01,19,male
../../data\Actor_19\03-01-03-01-02-02-19.wav,03-01-03-01-02-02-19.wav,03,speech,03,happy,normal,02,02,19,male
../../data\Actor_19\03-01-03-02-01-01-19.wav,03-01-03-02-01-01-19.wav,03,speech,03,happy,strong,01,01,19,male
../../data\Actor_19\03-01-03-02-01-02-19.wav,03-01-03-02-01-02-19.wav,03,speech,03,happy,strong,01,02,19,male
../../data\Actor_19\03-01-03-02-02-01-19.wav,03-01-03-02-02-01-19.wav,03,speech,03,happy,strong,02,01,19,male
../../data\Actor_19\03-01-03-02-02-02-19.wav,03-01-03-02-02-02-19.wav,03,speech,03,happy,strong,02,02,19,male
../../data\Actor_19\03-01-04-01-01-01-19.wav,03-01-04-01-01-01-19.wav,03,speech,04,sad,normal,01,01,19,male
../../data\Actor_19\03-01-04-01-01-02-19.wav,03-01-04-01-01-02-19.wav,03,speech,04,sad,normal,01,02,19,male
../../data\Actor_19\03-01-04-01-02-01-19.wav,03-01-04-01-02-01-19.wav,03,speech,04,sad,normal,02,01,19,male
../../data\Actor_19\03-01-04-01-02-02-19.wav,03-01-04-01-02-02-19.wav,03,speech,04,sad,normal,02,02,19,male
../../data\Actor_19\03-01-04-02-01-01-19.wav,03-01-04-02-01-01-19.wav,03,speech,04,sad,strong,01,01,19,male
../../data\Actor_19\03-01-04-02-01-02-19.wav,03-01-04-02-01-02-19.wav,03,speech,04,sad,strong,01,02,19,male
../../data\Actor_19\03-01-04-02-02-01-19.wav,03-01-04-02-02-01-19.wav,03,speech,04,sad,strong,02,01,19,male
../../data\Actor_19\03-01-04-02-02-02-19.wav,03-01-04-02-02-02-19.wav,03,speech,04,sad,strong,02,02,19,male
../../data\Actor_19\03-01-05-01-01-01-19.wav,03-01-05-01-01-01-19.wav,03,speech,05,angry,normal,01,01,19,male
../../data\Actor_19\03-01-05-01-01-02-19.wav,03-01-05-01-01-02-19.wav,03,speech,05,angry,normal,01,02,19,male
../../data\Actor_19\03-01-05-01-02-01-19.wav,03-01-05-01-02-01-19.wav,03,speech,05,angry,normal,02,01,19,male
../../data\Actor_19\03-01-05-01-02-02-19.wav,03-01-05-01-02-02-19.wav,03,speech,05,angry,normal,02,02,19,male
../../data\Actor_19\03-01-05-02-01-01-19.wav,03-01-05-02-01-01-19.wav,03,speech,05,angry,strong,01,01,19,male
../../data\Actor_19\03-01-05-02-01-02-19.wav,03-01-05-02-01-02-19.wav,03,speech,05,angry,strong,01,02,19,male
../../data\Actor_19\03-01-05-02-02-01-19.wav,03-01-05-02-02-01-19.wav,03,speech,05,angry,strong,02,01,19,male
../../data\Actor_19\03-01-05-02-02-02-19.wav,03-01-05-02-02-02-19.wav,03,speech,05,angry,strong,02,02,19,male
../../data\Actor_19\03-01-06-01-01-01-19.wav,03-01-06-01-01-01-19.wav,03,speech,06,fearful,normal,01,01,19,male
../../data\Actor_19\03-01-06-01-01-02-19.wav,03-01-06-01-01-02-19.wav,03,speech,06,fearful,normal,01,02,19,male
../../data\Actor_19\03-01-06-01-02-01-19.wav,03-01-06-01-02-01-19.wav,03,speech,06,fearful,normal,02,01,19,male
../../data\Actor_19\03-01-06-01-02-02-19.wav,03-01-06-01-02-02-19.wav,03,speech,06,fearful,normal,02,02,19,male
../../data\Actor_19\03-01-06-02-01-01-19.wav,03-01-06-02-01-01-19.wav,03,speech,06,fearful,strong,01,01,19,male
../../data\Actor_19\03-01-06-02-01-02-19.wav,03-01-06-02-01-02-19.wav,03,speech,06,fearful,strong,01,02,19,male
../../data\Actor_19\03-01-06-02-02-01-19.wav,03-01-06-02-02-01-19.wav,03,speech,06,fearful,strong,02,01,19,male
../../data\Actor_19\03-01-06-02-02-02-19.wav,03-01-06-02-02-02-19.wav,03,speech,06,fearful,strong,02,02,19,male
../../data\Actor_19\03-01-07-01-01-01-19.wav,03-01-07-01-01-01-19.wav,03,speech,07,disgust,normal,01,01,19,male
../../data\Actor_19\03-01-07-01-01-02-19.wav,03-01-07-01-01-02-19.wav,03,speech,07,disgust,normal,01,02,19,male
../../data\Actor_19\03-01-07-01-02-01-19.wav,03-01-07-01-02-01-19.wav,03,speech,07,disgust,normal,02,01,19,male
../../data\Actor_19\03-01-07-01-02-02-19.wav,03-01-07-01-02-02-19.wav,03,speech,07,disgust,normal,02,02,19,male
../../data\Actor_19\03-01-07-02-01-01-19.wav,03-01-07-02-01-01-19.wav,03,speech,07,disgust,strong,01,01,19,male
../../data\Actor_19\03-01-07-02-01-02-19.wav,03-01-07-02-01-02-19.wav,03,speech,07,disgust,strong,01,02,19,male
../../data\Actor_19\03-01-07-02-02-01-19.wav,03-01-07-02-02-01-19.wav,03,speech,07,disgust,strong,02,01,19,male
../../data\Actor_19\03-01-07-02-02-02-19.wav,03-01-07-02-02-02-19.wav,03,speech,07,disgust,strong,02,02,19,male
../../data\Actor_19\03-01-08-01-01-01-19.wav,03-01-08-01-01-01-19.wav,03,speech,08,surprised,normal,01,01,19,male
../../data\Actor_19\03-01-08-01-01-02-19.wav,03-01-08-01-01-02-19.wav,03,speech,08,surprised,normal,01,02,19,male
../../data\Actor_19\03-01-08-01-02-01-19.wav,03-01-08-01-02-01-19.wav,03,speech,08,surprised,normal,02,01,19,male
../../data\Actor_19\03-01-08-01-02-02-19.wav,03-01-08-01-02-02-19.wav,03,speech,08,surprised,normal,02,02,19,male
../../data\Actor_19\03-01-08-02-01-01-19.wav,03-01-08-02-01-01-19.wav,03,speech,08,surprised,strong,01,01,19,male
../../data\Actor_19\03-01-08-02-01-02-19.wav,03-01-08-02-01-02-19.wav,03,speech,08,surprised,strong,01,02,19,male
../../data\Actor_19\03-01-08-02-02-01-19.wav,03-01-08-02-02-01-19.wav,03,speech,08,surprised,strong,02,01,19,male
../../data\Actor_19\03-01-08-02-02-02-19.wav,03-01-08-02-02-02-19.wav,03,speech,08,surprised,strong,02,02,19,male
../../data\Actor_19\03-02-01-01-01-01-19.wav,03-02-01-01-01-01-19.wav,03,song,01,neutral,normal,01,01,19,male
../../data\Actor_19\03-02-01-01-01-02-19.wav,03-02-01-01-01-02-19.wav,03,song,01,neutral,normal,01,02,19,male
../../data\Actor_19\03-02-01-01-02-01-19.wav,03-02-01-01-02-01-19.wav,03,song,01,neutral,normal,02,01,19,male
../../data\Actor_19\03-02-01-01-02-02-19.wav,03-02-01-01-02-02-19.wav,03,song,01,neutral,normal,02,02,19,male
../../data\Actor_19\03-02-02-01-01-01-19.wav,03-02-02-01-01-01-19.wav,03,song,02,calm,normal,01,01,19,male
../../data\Actor_19\03-02-02-01-01-02-19.wav,03-02-02-01-01-02-19.wav,03,song,02,calm,normal,01,02,19,male
../../data\Actor_19\03-02-02-01-02-01-19.wav,03-02-02-01-02-01-19.wav,03,song,02,calm,normal,02,01,19,male
../../data\Actor_19\03-02-02-01-02-02-19.wav,03-02-02-01-02-02-19.wav,03,song,02,calm,normal,02,02,19,male
../../data\Actor_19\03-02-02-02-01-01-19.wav,03-02-02-02-01-01-19.wav,03,song,02,calm,strong,01,01,19,male
../../data\Actor_19\03-02-02-02-01-02-19.wav,03-02-02-02-01-02-19.wav,03,song,02,calm,strong,01,02,19,male
../../data\Actor_19\03-02-02-02-02-01-19.wav,03-02-02-02-02-01-19.wav,03,song,02,calm,strong,02,01,19,male
../../data\Actor_19\03-02-02-02-02-02-19.wav,03-02-02-02-02-02-19.wav,03,song,02,calm,strong,02,02,19,male
../../data\Actor_19\03-02-03-01-01-01-19.wav,03-02-03-01-01-01-19.wav,03,song,03,happy,normal,01,01,19,male
../../data\Actor_19\03-02-03-01-01-02-19.wav,03-02-03-01-01-02-19.wav,03,song,03,happy,normal,01,02,19,male
../../data\Actor_19\03-02-03-01-02-01-19.wav,03-02-03-01-02-01-19.wav,03,song,03,happy,normal,02,01,19,male
../../data\Actor_19\03-02-03-01-02-02-19.wav,03-02-03-01-02-02-19.wav,03,song,03,happy,normal,02,02,19,male
../../data\Actor_19\03-02-03-02-01-01-19.wav,03-02-03-02-01-01-19.wav,03,song,03,happy,strong,01,01,19,male
../../data\Actor_19\03-02-03-02-01-02-19.wav,03-02-03-02-01-02-19.wav,03,song,03,happy,strong,01,02,19,male
../../data\Actor_19\03-02-03-02-02-01-19.wav,03-02-03-02-02-01-19.wav,03,song,03,happy,strong,02,01,19,male
../../data\Actor_19\03-02-03-02-02-02-19.wav,03-02-03-02-02-02-19.wav,03,song,03,happy,strong,02,02,19,male
../../data\Actor_19\03-02-04-01-01-01-19.wav,03-02-04-01-01-01-19.wav,03,song,04,sad,normal,01,01,19,male
../../data\Actor_19\03-02-04-01-01-02-19.wav,03-02-04-01-01-02-19.wav,03,song,04,sad,normal,01,02,19,male
../../data\Actor_19\03-02-04-01-02-01-19.wav,03-02-04-01-02-01-19.wav,03,song,04,sad,normal,02,01,19,male
../../data\Actor_19\03-02-04-01-02-02-19.wav,03-02-04-01-02-02-19.wav,03,song,04,sad,normal,02,02,19,male
../../data\Actor_19\03-02-04-02-01-01-19.wav,03-02-04-02-01-01-19.wav,03,song,04,sad,strong,01,01,19,male
../../data\Actor_19\03-02-04-02-01-02-19.wav,03-02-04-02-01-02-19.wav,03,song,04,sad,strong,01,02,19,male
../../data\Actor_19\03-02-04-02-02-01-19.wav,03-02-04-02-02-01-19.wav,03,song,04,sad,strong,02,01,19,male
../../data\Actor_19\03-02-04-02-02-02-19.wav,03-02-04-02-02-02-19.wav,03,song,04,sad,strong,02,02,19,male
../../data\Actor_19\03-02-05-01-01-01-19.wav,03-02-05-01-01-01-19.wav,03,song,05,angry,normal,01,01,19,male
../../data\Actor_19\03-02-05-01-01-02-19.wav,03-02-05-01-01-02-19.wav,03,song,05,angry,normal,01,02,19,male
../../data\Actor_19\03-02-05-01-02-01-19.wav,03-02-05-01-02-01-19.wav,03,song,05,angry,normal,02,01,19,male
../../data\Actor_19\03-02-05-01-02-02-19.wav,03-02-05-01-02-02-19.wav,03,song,05,angry,normal,02,02,19,male
../../data\Actor_19\03-02-05-02-01-01-19.wav,03-02-05-02-01-01-19.wav,03,song,05,angry,strong,01,01,19,male
../../data\Actor_19\03-02-05-02-01-02-19.wav,03-02-05-02-01-02-19.wav,03,song,05,angry,strong,01,02,19,male
../../data\Actor_19\03-02-05-02-02-01-19.wav,03-02-05-02-02-01-19.wav,03,song,05,angry,strong,02,01,19,male
../../data\Actor_19\03-02-05-02-02-02-19.wav,03-02-05-02-02-02-19.wav,03,song,05,angry,strong,02,02,19,male
../../data\Actor_19\03-02-06-01-01-01-19.wav,03-02-06-01-01-01-19.wav,03,song,06,fearful,normal,01,01,19,male
../../data\Actor_19\03-02-06-01-01-02-19.wav,03-02-06-01-01-02-19.wav,03,song,06,fearful,normal,01,02,19,male
../../data\Actor_19\03-02-06-01-02-01-19.wav,03-02-06-01-02-01-19.wav,03,song,06,fearful,normal,02,01,19,male
../../data\Actor_19\03-02-06-01-02-02-19.wav,03-02-06-01-02-02-19.wav,03,song,06,fearful,normal,02,02,19,male
../../data\Actor_19\03-02-06-02-01-01-19.wav,03-02-06-02-01-01-19.wav,03,song,06,fearful,strong,01,01,19,male
../../data\Actor_19\03-02-06-02-01-02-19.wav,03-02-06-02-01-02-19.wav,03,song,06,fearful,strong,01,02,19,male
../../data\Actor_19\03-02-06-02-02-01-19.wav,03-02-06-02-02-01-19.wav,03,song,06,fearful,strong,02,01,19,male
../../data\Actor_19\03-02-06-02-02-02-19.wav,03-02-06-02-02-02-19.wav,03,song,06,fearful,strong,02,02,19,male
../../data\Actor_20\03-01-01-01-01-01-20.wav,03-01-01-01-01-01-20.wav,03,speech,01,neutral,normal,01,01,20,female
../../data\Actor_20\03-01-01-01-01-02-20.wav,03-01-01-01-01-02-20.wav,03,speech,01,neutral,normal,01,02,20,female
../../data\Actor_20\03-01-01-01-02-01-20.wav,03-01-01-01-02-01-20.wav,03,speech,01,neutral,normal,02,01,20,female
../../data\Actor_20\03-01-01-01-02-02-20.wav,03-01-01-01-02-02-20.wav,03,speech,01,neutral,normal,02,02,20,female
../../data\Actor_20\03-01-02-01-01-01-20.wav,03-01-02-01-01-01-20.wav,03,speech,02,calm,normal,01,01,20,female
../../data\Actor_20\03-01-02-01-01-02-20.wav,03-01-02-01-01-02-20.wav,03,speech,02,calm,normal,01,02,20,female
../../data\Actor_20\03-01-02-01-02-01-20.wav,03-01-02-01-02-01-20.wav,03,speech,02,calm,normal,02,01,20,female
../../data\Actor_20\03-01-02-01-02-02-20.wav,03-01-02-01-02-02-20.wav,03,speech,02,calm,normal,02,02,20,female
../../data\Actor_20\03-01-02-02-01-01-20.wav,03-01-02-02-01-01-20.wav,03,speech,02,calm,strong,01,01,20,female
../../data\Actor_20\03-01-02-02-01-02-20.wav,03-01-02-02-01-02-20.wav,03,speech,02,calm,strong,01,02,20,female
../../data\Actor_20\03-01-02-02-02-01-20.wav,03-01-02-02-02-01-20.wav,03,speech,02,calm,strong,02,01,20,female
../../data\Actor_20\03-01-02-02-02-02-20.wav,03-01-02-02-02-02-20.wav,03,speech,02,calm,strong,02,02,20,female
../../data\Actor_20\03-01-03-01-01-01-20.wav,03-01-03-01-01-01-20.wav,03,speech,03,happy,normal,01,01,20,female
../../data\Actor_20\03-01-03-01-01-02-20.wav,03-01-03-01-01-02-20.wav,03,speech,03,happy,normal,01,02,20,female
../../data\Actor_20\03-01-03-01-02-01-20.wav,03-01-03-01-02-01-20.wav,03,speech,03,happy,normal,02,01,20,female
../../data\Actor_20\03-01-03-01-02-02-20.wav,03-01-03-01-02-02-20.wav,03,speech,03,happy,normal,02,02,20,female
../../data\Actor_20\03-01-03-02-01-01-20.wav,03-01-03-02-01-01-20.wav,03,speech,03,happy,strong,01,01,20,female
../../data\Actor_20\03-01-03-02-01-02-20.wav,03-01-03-02-01-02-20.wav,03,speech,03,happy,strong,01,02,20,female
../../data\Actor_20\03-01-03-02-02-01-20.wav,03-01-03-02-02-01-20.wav,03,speech,03,happy,strong,02,01,20,female
../../data\Actor_20\03-01-03-02-02-02-20.wav,03-01-03-02-02-02-20.wav,03,speech,03,happy,strong,02,02,20,female
../../data\Actor_20\03-01-04-01-01-01-20.wav,03-01-04-01-01-01-20.wav,03,speech,04,sad,normal,01,01,20,female
../../data\Actor_20\03-01-04-01-01-02-20.wav,03-01-04-01-01-02-20.wav,03,speech,04,sad,normal,01,02,20,female
../../data\Actor_20\03-01-04-01-02-01-20.wav,03-01-04-01-02-01-20.wav,03,speech,04,sad,normal,02,01,20,female
../../data\Actor_20\03-01-04-01-02-02-20.wav,03-01-04-01-02-02-20.wav,03,speech,04,sad,normal,02,02,20,female
../../data\Actor_20\03-01-04-02-01-01-20.wav,03-01-04-02-01-01-20.wav,03,speech,04,sad,strong,01,01,20,female
../../data\Actor_20\03-01-04-02-01-02-20.wav,03-01-04-02-01-02-20.wav,03,speech,04,sad,strong,01,02,20,female
../../data\Actor_20\03-01-04-02-02-01-20.wav,03-01-04-02-02-01-20.wav,03,speech,04,sad,strong,02,01,20,female
../../data\Actor_20\03-01-04-02-02-02-20.wav,03-01-04-02-02-02-20.wav,03,speech,04,sad,strong,02,02,20,female
../../data\Actor_20\03-01-05-01-01-01-20.wav,03-01-05-01-01-01-20.wav,03,speech,05,angry,normal,01,01,20,female
../../data\Actor_20\03-01-05-01-01-02-20.wav,03-01-05-01-01-02-20.wav,03,speech,05,angry,normal,01,02,20,female
../../data\Actor_20\03-01-05-01-02-01-20.wav,03-01-05-01-02-01-20.wav,03,speech,05,angry,normal,02,01,20,female
../../data\Actor_20\03-01-05-01-02-02-20.wav,03-01-05-01-02-02-20.wav,03,speech,05,angry,normal,02,02,20,female
../../data\Actor_20\03-01-05-02-01-01-20.wav,03-01-05-02-01-01-20.wav,03,speech,05,angry,strong,01,01,20,female
../../data\Actor_20\03-01-05-02-01-02-20.wav,03-01-05-02-01-02-20.wav,03,speech,05,angry,strong,01,02,20,female
../../data\Actor_20\03-01-05-02-02-01-20.wav,03-01-05-02-02-01-20.wav,03,speech,05,angry,strong,02,01,20,female
../../data\Actor_20\03-01-05-02-02-02-20.wav,03-01-05-02-02-02-20.wav,03,speech,05,angry,strong,02,02,20,female
../../data\Actor_20\03-01-06-01-01-01-20.wav,03-01-06-01-01-01-20.wav,03,speech,06,fearful,normal,01,01,20,female
../../data\Actor_20\03-01-06-01-01-02-20.wav,03-01-06-01-01-02-20.wav,03,speech,06,fearful,normal,01,02,20,female
../../data\Actor_20\03-01-06-01-02-01-20.wav,03-01-06-01-02-01-20.wav,03,speech,06,fearful,normal,02,01,20,female
../../data\Actor_20\03-01-06-01-02-02-20.wav,03-01-06-01-02-02-20.wav,03,speech,06,fearful,normal,02,02,20,female
../../data\Actor_20\03-01-06-02-01-01-20.wav,03-01-06-02-01-01-20.wav,03,speech,06,fearful,strong,01,01,20,female
../../data\Actor_20\03-01-06-02-01-02-20.wav,03-01-06-02-01-02-20.wav,03,speech,06,fearful,strong,01,02,20,female
../../data\Actor_20\03-01-06-02-02-01-20.wav,03-01-06-02-02-01-20.wav,03,speech,06,fearful,strong,02,01,20,female
../../data\Actor_20\03-01-06-02-02-02-20.wav,03-01-06-02-02-02-20.wav,03,speech,06,fearful,strong,02,02,20,female
../../data\Actor_20\03-01-07-01-01-01-20.wav,03-01-07-01-01-01-20.wav,03,speech,07,disgust,normal,01,01,20,female
../../data\Actor_20\03-01-07-01-01-02-20.wav,03-01-07-01-01-02-20.wav,03,speech,07,disgust,normal,01,02,20,female
../../data\Actor_20\03-01-07-01-02-01-20.wav,03-01-07-01-02-01-20.wav,03,speech,07,disgust,normal,02,01,20,female
../../data\Actor_20\03-01-07-01-02-02-20.wav,03-01-07-01-02-02-20.wav,03,speech,07,disgust,normal,02,02,20,female
../../data\Actor_20\03-01-07-02-01-01-20.wav,03-01-07-02-01-01-20.wav,03,speech,07,disgust,strong,01,01,20,female
../../data\Actor_20\03-01-07-02-01-02-20.wav,03-01-07-02-01-02-20.wav,03,speech,07,disgust,strong,01,02,20,female
../../data\Actor_20\03-01-07-02-02-01-20.wav,03-01-07-02-02-01-20.wav,03,speech,07,disgust,strong,02,01,20,female
../../data\Actor_20\03-01-07-02-02-02-20.wav,03-01-07-02-02-02-20.wav,03,speech,07,disgust,strong,02,02,20,female
../../data\Actor_20\03-01-08-01-01-01-20.wav,03-01-08-01-01-01-20.wav,03,speech,08,surprised,normal,01,01,20,female
../../data\Actor_20\03-01-08-01-01-02-20.wav,03-01-08-01-01-02-20.wav,03,speech,08,surprised,normal,01,02,20,female
../../data\Actor_20\03-01-08-01-02-01-20.wav,03-01-08-01-02-01-20.wav,03,speech,08,surprised,normal,02,01,20,female
../../data\Actor_20\03-01-08-01-02-02-20.wav,03-01-08-01-02-02-20.wav,03,speech,08,surprised,normal,02,02,20,female
../../data\Actor_20\03-01-08-02-01-01-20.wav,03-01-08-02-01-01-20.wav,03,speech,08,surprised,strong,01,01,20,female
../../data\Actor_20\03-01-08-02-01-02-20.wav,03-01-08-02-01-02-20.wav,03,speech,08,surprised,strong,01,02,20,female
../../data\Actor_20\03-01-08-02-02-01-20.wav,03-01-08-02-02-01-20.wav,03,speech,08,surprised,strong,02,01,20,female
../../data\Actor_20\03-01-08-02-02-02-20.wav,03-01-08-02-02-02-20.wav,03,speech,08,surprised,strong,02,02,20,female
../../data\Actor_20\03-02-01-01-01-01-20.wav,03-02-01-01-01-01-20.wav,03,song,01,neutral,normal,01,01,20,female
../../data\Actor_20\03-02-01-01-01-02-20.wav,03-02-01-01-01-02-20.wav,03,song,01,neutral,normal,01,02,20,female
../../data\Actor_20\03-02-01-01-02-01-20.wav,03-02-01-01-02-01-20.wav,03,song,01,neutral,normal,02,01,20,female
../../data\Actor_20\03-02-01-01-02-02-20.wav,03-02-01-01-02-02-20.wav,03,song,01,neutral,normal,02,02,20,female
../../data\Actor_20\03-02-02-01-01-01-20.wav,03-02-02-01-01-01-20.wav,03,song,02,calm,normal,01,01,20,female
../../data\Actor_20\03-02-02-01-01-02-20.wav,03-02-02-01-01-02-20.wav,03,song,02,calm,normal,01,02,20,female
../../data\Actor_20\03-02-02-01-02-01-20.wav,03-02-02-01-02-01-20.wav,03,song,02,calm,normal,02,01,20,female
../../data\Actor_20\03-02-02-01-02-02-20.wav,03-02-02-01-02-02-20.wav,03,song,02,calm,normal,02,02,20,female
../../data\Actor_20\03-02-02-02-01-01-20.wav,03-02-02-02-01-01-20.wav,03,song,02,calm,strong,01,01,20,female
../../data\Actor_20\03-02-02-02-01-02-20.wav,03-02-02-02-01-02-20.wav,03,song,02,calm,strong,01,02,20,female
../../data\Actor_20\03-02-02-02-02-01-20.wav,03-02-02-02-02-01-20.wav,03,song,02,calm,strong,02,01,20,female
../../data\Actor_20\03-02-02-02-02-02-20.wav,03-02-02-02-02-02-20.wav,03,song,02,calm,strong,02,02,20,female
../../data\Actor_20\03-02-03-01-01-01-20.wav,03-02-03-01-01-01-20.wav,03,song,03,happy,normal,01,01,20,female
../../data\Actor_20\03-02-03-01-01-02-20.wav,03-02-03-01-01-02-20.wav,03,song,03,happy,normal,01,02,20,female
../../data\Actor_20\03-02-03-01-02-01-20.wav,03-02-03-01-02-01-20.wav,03,song,03,happy,normal,02,01,20,female
../../data\Actor_20\03-02-03-01-02-02-20.wav,03-02-03-01-02-02-20.wav,03,song,03,happy,normal,02,02,20,female
../../data\Actor_20\03-02-03-02-01-01-20.wav,03-02-03-02-01-01-20.wav,03,song,03,happy,strong,01,01,20,female
../../data\Actor_20\03-02-03-02-01-02-20.wav,03-02-03-02-01-02-20.wav,03,song,03,happy,strong,01,02,20,female
../../data\Actor_20\03-02-03-02-02-01-20.wav,03-02-03-02-02-01-20.wav,03,song,03,happy,strong,02,01,20,female
../../data\Actor_20\03-02-03-02-02-02-20.wav,03-02-03-02-02-02-20.wav,03,song,03,happy,strong,02,02,20,female
../../data\Actor_20\03-02-04-01-01-01-20.wav,03-02-04-01-01-01-20.wav,03,song,04,sad,normal,01,01,20,female
../../data\Actor_20\03-02-04-01-01-02-20.wav,03-02-04-01-01-02-20.wav,03,song,04,sad,normal,01,02,20,female
../../data\Actor_20\03-02-04-01-02-01-20.wav,03-02-04-01-02-01-20.wav,03,song,04,sad,normal,02,01,20,female
../../data\Actor_20\03-02-04-01-02-02-20.wav,03-02-04-01-02-02-20.wav,03,song,04,sad,normal,02,02,20,female
../../data\Actor_20\03-02-04-02-01-01-20.wav,03-02-04-02-01-01-20.wav,03,song,04,sad,strong,01,01,20,female
../../data\Actor_20\03-02-04-02-01-02-20.wav,03-02-04-02-01-02-20.wav,03,song,04,sad,strong,01,02,20,female
../../data\Actor_20\03-02-04-02-02-01-20.wav,03-02-04-02-02-01-20.wav,03,song,04,sad,strong,02,01,20,female
../../data\Actor_20\03-02-04-02-02-02-20.wav,03-02-04-02-02-02-20.wav,03,song,04,sad,strong,02,02,20,female
../../data\Actor_20\03-02-05-01-01-01-20.wav,03-02-05-01-01-01-20.wav,03,song,05,angry,normal,01,01,20,female
../../data\Actor_20\03-02-05-01-01-02-20.wav,03-02-05-01-01-02-20.wav,03,song,05,angry,normal,01,02,20,female
../../data\Actor_20\03-02-05-01-02-01-20.wav,03-02-05-01-02-01-20.wav,03,song,05,angry,normal,02,01,20,female
../../data\Actor_20\03-02-05-01-02-02-20.wav,03-02-05-01-02-02-20.wav,03,song,05,angry,normal,02,02,20,female
../../data\Actor_20\03-02-05-02-01-01-20.wav,03-02-05-02-01-01-20.wav,03,song,05,angry,strong,01,01,20,female
../../data\Actor_20\03-02-05-02-01-02-20.wav,03-02-05-02-01-02-20.wav,03,song,05,angry,strong,01,02,20,female
../../data\Actor_20\03-02-05-02-02-01-20.wav,03-02-05-02-02-01-20.wav,03,song,05,angry,strong,02,01,20,female
../../data\Actor_20\03-02-05-02-02-02-20.wav,03-02-05-02-02-02-20.wav,03,song,05,angry,strong,02,02,20,female
../../data\Actor_20\03-02-06-01-01-01-20.wav,03-02-06-01-01-01-20.wav,03,song,06,fearful,normal,01,01,20,female
../../data\Actor_20\03-02-06-01-01-02-20.wav,03-02-06-01-01-02-20.wav,03,song,06,fearful,normal,01,02,20,female
../../data\Actor_20\03-02-06-01-02-01-20.wav,03-02-06-01-02-01-20.wav,03,song,06,fearful,normal,02,01,20,female
../../data\Actor_20\03-02-06-01-02-02-20.wav,03-02-06-01-02-02-20.wav,03,song,06,fearful,normal,02,02,20,female
../../data\Actor_20\03-02-06-02-01-01-20.wav,03-02-06-02-01-01-20.wav,03,song,06,fearful,strong,01,01,20,female
../../data\Actor_20\03-02-06-02-01-02-20.wav,03-02-06-02-01-02-20.wav,03,song,06,fearful,strong,01,02,20,female
../../data\Actor_20\03-02-06-02-02-01-20.wav,03-02-06-02-02-01-20.wav,03,song,06,fearful,strong,02,01,20,female
../../data\Actor_20\03-02-06-02-02-02-20.wav,03-02-06-02-02-02-20.wav,03,song,06,fearful,strong,02,02,20,female
../../data\Actor_21\03-01-01-01-01-01-21.wav,03-01-01-01-01-01-21.wav,03,speech,01,neutral,normal,01,01,21,male
../../data\Actor_21\03-01-01-01-01-02-21.wav,03-01-01-01-01-02-21.wav,03,speech,01,neutral,normal,01,02,21,male
../../data\Actor_21\03-01-01-01-02-01-21.wav,03-01-01-01-02-01-21.wav,03,speech,01,neutral,normal,02,01,21,male
../../data\Actor_21\03-01-01-01-02-02-21.wav,03-01-01-01-02-02-21.wav,03,speech,01,neutral,normal,02,02,21,male
../../data\Actor_21\03-01-02-01-01-01-21.wav,03-01-02-01-01-01-21.wav,03,speech,02,calm,normal,01,01,21,male
../../data\Actor_21\03-01-02-01-01-02-21.wav,03-01-02-01-01-02-21.wav,03,speech,02,calm,normal,01,02,21,male
../../data\Actor_21\03-01-02-01-02-01-21.wav,03-01-02-01-02-01-21.wav,03,speech,02,calm,normal,02,01,21,male
../../data\Actor_21\03-01-02-01-02-02-21.wav,03-01-02-01-02-02-21.wav,03,speech,02,calm,normal,02,02,21,male
../../data\Actor_21\03-01-02-02-01-01-21.wav,03-01-02-02-01-01-21.wav,03,speech,02,calm,strong,01,01,21,male
../../data\Actor_21\03-01-02-02-01-02-21.wav,03-01-02-02-01-02-21.wav,03,speech,02,calm,strong,01,02,21,male
../../data\Actor_21\03-01-02-02-02-01-21.wav,03-01-02-02-02-01-21.wav,03,speech,02,calm,strong,02,01,21,male
../../data\Actor_21\03-01-02-02-02-02-21.wav,03-01-02-02-02-02-21.wav,03,speech,02,calm,strong,02,02,21,male
../../data\Actor_21\03-01-03-01-01-01-21.wav,03-01-03-01-01-01-21.wav,03,speech,03,happy,normal,01,01,21,male
../../data\Actor_21\03-01-03-01-01-02-21.wav,03-01-03-01-01-02-21.wav,03,speech,03,happy,normal,01,02,21,male
../../data\Actor_21\03-01-03-01-02-01-21.wav,03-01-03-01-02-01-21.wav,03,speech,03,happy,normal,02,01,21,male
../../data\Actor_21\03-01-03-01-02-02-21.wav,03-01-03-01-02-02-21.wav,03,speech,03,happy,normal,02,02,21,male
../../data\Actor_21\03-01-03-02-01-01-21.wav,03-01-03-02-01-01-21.wav,03,speech,03,happy,strong,01,01,21,male
../../data\Actor_21\03-01-03-02-01-02-21.wav,03-01-03-02-01-02-21.wav,03,speech,03,happy,strong,01,02,21,male
../../data\Actor_21\03-01-03-02-02-01-21.wav,03-01-03-02-02-01-21.wav,03,speech,03,happy,strong,02,01,21,male
../../data\Actor_21\03-01-03-02-02-02-21.wav,03-01-03-02-02-02-21.wav,03,speech,03,happy,strong,02,02,21,male
../../data\Actor_21\03-01-04-01-01-01-21.wav,03-01-04-01-01-01-21.wav,03,speech,04,sad,normal,01,01,21,male
../../data\Actor_21\03-01-04-01-01-02-21.wav,03-01-04-01-01-02-21.wav,03,speech,04,sad,normal,01,02,21,male
../../data\Actor_21\03-01-04-01-02-01-21.wav,03-01-04-01-02-01-21.wav,03,speech,04,sad,normal,02,01,21,male
../../data\Actor_21\03-01-04-01-02-02-21.wav,03-01-04-01-02-02-21.wav,03,speech,04,sad,normal,02,02,21,male
../../data\Actor_21\03-01-04-02-01-01-21.wav,03-01-04-02-01-01-21.wav,03,speech,04,sad,strong,01,01,21,male
../../data\Actor_21\03-01-04-02-01-02-21.wav,03-01-04-02-01-02-21.wav,03,speech,04,sad,strong,01,02,21,male
../../data\Actor_21\03-01-04-02-02-01-21.wav,03-01-04-02-02-01-21.wav,03,speech,04,sad,strong,02,01,21,male
../../data\Actor_21\03-01-04-02-02-02-21.wav,03-01-04-02-02-02-21.wav,03,speech,04,sad,strong,02,02,21,male
../../data\Actor_21\03-01-05-01-01-01-21.wav,03-01-05-01-01-01-21.wav,03,speech,05,angry,normal,01,01,21,male
../../data\Actor_21\03-01-05-01-01-02-21.wav,03-01-05-01-01-02-21.wav,03,speech,05,angry,normal,01,02,21,male
../../data\Actor_21\03-01-05-01-02-01-21.wav,03-01-05-01-02-01-21.wav,03,speech,05,angry,normal,02,01,21,male
../../data\Actor_21\03-01-05-01-02-02-21.wav,03-01-05-01-02-02-21.wav,03,speech,05,angry,normal,02,02,21,male
../../data\Actor_21\03-01-05-02-01-01-21.wav,03-01-05-02-01-01-21.wav,03,speech,05,angry,strong,01,01,21,male
../../data\Actor_21\03-01-05-02-01-02-21.wav,03-01-05-02-01-02-21.wav,03,speech,05,angry,strong,01,02,21,male
../../data\Actor_21\03-01-05-02-02-01-21.wav,03-01-05-02-02-01-21.wav,03,speech,05,angry,strong,02,01,21,male
../../data\Actor_21\03-01-05-02-02-02-21.wav,03-01-05-02-02-02-21.wav,03,speech,05,angry,strong,02,02,21,male
../../data\Actor_21\03-01-06-01-01-01-21.wav,03-01-06-01-01-01-21.wav,03,speech,06,fearful,normal,01,01,21,male
../../data\Actor_21\03-01-06-01-01-02-21.wav,03-01-06-01-01-02-21.wav,03,speech,06,fearful,normal,01,02,21,male
../../data\Actor_21\03-01-06-01-02-01-21.wav,03-01-06-01-02-01-21.wav,03,speech,06,fearful,normal,02,01,21,male
../../data\Actor_21\03-01-06-01-02-02-21.wav,03-01-06-01-02-02-21.wav,03,speech,06,fearful,normal,02,02,21,male
../../data\Actor_21\03-01-06-02-01-01-21.wav,03-01-06-02-01-01-21.wav,03,speech,06,fearful,strong,01,01,21,male
../../data\Actor_21\03-01-06-02-01-02-21.wav,03-01-06-02-01-02-21.wav,03,speech,06,fearful,strong,01,02,21,male
../../data\Actor_21\03-01-06-02-02-01-21.wav,03-01-06-02-02-01-21.wav,03,speech,06,fearful,strong,02,01,21,male
../../data\Actor_21\03-01-06-02-02-02-21.wav,03-01-06-02-02-02-21.wav,03,speech,06,fearful,strong,02,02,21,male
../../data\Actor_21\03-01-07-01-01-01-21.wav,03-01-07-01-01-01-21.wav,03,speech,07,disgust,normal,01,01,21,male
../../data\Actor_21\03-01-07-01-01-02-21.wav,03-01-07-01-01-02-21.wav,03,speech,07,disgust,normal,01,02,21,male
../../data\Actor_21\03-01-07-01-02-01-21.wav,03-01-07-01-02-01-21.wav,03,speech,07,disgust,normal,02,01,21,male
../../data\Actor_21\03-01-07-01-02-02-21.wav,03-01-07-01-02-02-21.wav,03,speech,07,disgust,normal,02,02,21,male
../../data\Actor_21\03-01-07-02-01-01-21.wav,03-01-07-02-01-01-21.wav,03,speech,07,disgust,strong,01,01,21,male
../../data\Actor_21\03-01-07-02-01-02-21.wav,03-01-07-02-01-02-21.wav,03,speech,07,disgust,strong,01,02,21,male
../../data\Actor_21\03-01-07-02-02-01-21.wav,03-01-07-02-02-01-21.wav,03,speech,07,disgust,strong,02,01,21,male
../../data\Actor_21\03-01-07-02-02-02-21.wav,03-01-07-02-02-02-21.wav,03,speech,07,disgust,strong,02,02,21,male
../../data\Actor_21\03-01-08-01-01-01-21.wav,03-01-08-01-01-01-21.wav,03,speech,08,surprised,normal,01,01,21,male
../../data\Actor_21\03-01-08-01-01-02-21.wav,03-01-08-01-01-02-21.wav,03,speech,08,surprised,normal,01,02,21,male
../../data\Actor_21\03-01-08-01-02-01-21.wav,03-01-08-01-02-01-21.wav,03,speech,08,surprised,normal,02,01,21,male
../../data\Actor_21\03-01-08-01-02-02-21.wav,03-01-08-01-02-02-21.wav,03,speech,08,surprised,normal,02,02,21,male
../../data\Actor_21\03-01-08-02-01-01-21.wav,03-01-08-02-01-01-21.wav,03,speech,08,surprised,strong,01,01,21,male
../../data\Actor_21\03-01-08-02-01-02-21.wav,03-01-08-02-01-02-21.wav,03,speech,08,surprised,strong,01,02,21,male
../../data\Actor_21\03-01-08-02-02-01-21.wav,03-01-08-02-02-01-21.wav,03,speech,08,surprised,strong,02,01,21,male
../../data\Actor_21\03-01-08-02-02-02-21.wav,03-01-08-02-02-02-21.wav,03,speech,08,surprised,strong,02,02,21,male
../../data\Actor_21\03-02-01-01-01-01-21.wav,03-02-01-01-01-01-21.wav,03,song,01,neutral,normal,01,01,21,male
../../data\Actor_21\03-02-01-01-01-02-21.wav,03-02-01-01-01-02-21.wav,03,song,01,neutral,normal,01,02,21,male
../../data\Actor_21\03-02-01-01-02-01-21.wav,03-02-01-01-02-01-21.wav,03,song,01,neutral,normal,02,01,21,male
../../data\Actor_21\03-02-01-01-02-02-21.wav,03-02-01-01-02-02-21.wav,03,song,01,neutral,normal,02,02,21,male
../../data\Actor_21\03-02-02-01-01-01-21.wav,03-02-02-01-01-01-21.wav,03,song,02,calm,normal,01,01,21,male
../../data\Actor_21\03-02-02-01-01-02-21.wav,03-02-02-01-01-02-21.wav,03,song,02,calm,normal,01,02,21,male
../../data\Actor_21\03-02-02-01-02-01-21.wav,03-02-02-01-02-01-21.wav,03,song,02,calm,normal,02,01,21,male
../../data\Actor_21\03-02-02-01-02-02-21.wav,03-02-02-01-02-02-21.wav,03,song,02,calm,normal,02,02,21,male
../../data\Actor_21\03-02-02-02-01-01-21.wav,03-02-02-02-01-01-21.wav,03,song,02,calm,strong,01,01,21,male
../../data\Actor_21\03-02-02-02-01-02-21.wav,03-02-02-02-01-02-21.wav,03,song,02,calm,strong,01,02,21,male
../../data\Actor_21\03-02-02-02-02-01-21.wav,03-02-02-02-02-01-21.wav,03,song,02,calm,strong,02,01,21,male
../../data\Actor_21\03-02-02-02-02-02-21.wav,03-02-02-02-02-02-21.wav,03,song,02,calm,strong,02,02,21,male
../../data\Actor_21\03-02-03-01-01-01-21.wav,03-02-03-01-01-01-21.wav,03,song,03,happy,normal,01,01,21,male
../../data\Actor_21\03-02-03-01-01-02-21.wav,03-02-03-01-01-02-21.wav,03,song,03,happy,normal,01,02,21,male
../../data\Actor_21\03-02-03-01-02-01-21.wav,03-02-03-01-02-01-21.wav,03,song,03,happy,normal,02,01,21,male
../../data\Actor_21\03-02-03-01-02-02-21.wav,03-02-03-01-02-02-21.wav,03,song,03,happy,normal,02,02,21,male
../../data\Actor_21\03-02-03-02-01-01-21.wav,03-02-03-02-01-01-21.wav,03,song,03,happy,strong,01,01,21,male
../../data\Actor_21\03-02-03-02-01-02-21.wav,03-02-03-02-01-02-21.wav,03,song,03,happy,strong,01,02,21,male
../../data\Actor_21\03-02-03-02-02-01-21.wav,03-02-03-02-02-01-21.wav,03,song,03,happy,strong,02,01,21,male
../../data\Actor_21\03-02-03-02-02-02-21.wav,03-02-03-02-02-02-21.wav,03,song,03,happy,strong,02,02,21,male
../../data\Actor_21\03-02-04-01-01-01-21.wav,03-02-04-01-01-01-21.wav,03,song,04,sad,normal,01,01,21,male
../../data\Actor_21\03-02-04-01-01-02-21.wav,03-02-04-01-01-02-21.wav,03,song,04,sad,normal,01,02,21,male
../../data\Actor_21\03-02-04-01-02-01-21.wav,03-02-04-01-02-01-21.wav,03,song,04,sad,normal,02,01,21,male
../../data\Actor_21\03-02-04-01-02-02-21.wav,03-02-04-01-02-02-21.wav,03,song,04,sad,normal,02,02,21,male
../../data\Actor_21\03-02-04-02-01-01-21.wav,03-02-04-02-01-01-21.wav,03,song,04,sad,strong,01,01,21,male
../../data\Actor_21\03-02-04-02-01-02-21.wav,03-02-04-02-01-02-21.wav,03,song,04,sad,strong,01,02,21,male
../../data\Actor_21\03-02-04-02-02-01-21.wav,03-02-04-02-02-01-21.wav,03,song,04,sad,strong,02,01,21,male
../../data\Actor_21\03-02-04-02-02-02-21.wav,03-02-04-02-02-02-21.wav,03,song,04,sad,strong,02,02,21,male
../../data\Actor_21\03-02-05-01-01-01-21.wav,03-02-05-01-01-01-21.wav,03,song,05,angry,normal,01,01,21,male
../../data\Actor_21\03-02-05-01-01-02-21.wav,03-02-05-01-01-02-21.wav,03,song,05,angry,normal,01,02,21,male
../../data\Actor_21\03-02-05-01-02-01-21.wav,03-02-05-01-02-01-21.wav,03,song,05,angry,normal,02,01,21,male
../../data\Actor_21\03-02-05-01-02-02-21.wav,03-02-05-01-02-02-21.wav,03,song,05,angry,normal,02,02,21,male
../../data\Actor_21\03-02-05-02-01-01-21.wav,03-02-05-02-01-01-21.wav,03,song,05,angry,strong,01,01,21,male
../../data\Actor_21\03-02-05-02-01-02-21.wav,03-02-05-02-01-02-21.wav,03,song,05,angry,strong,01,02,21,male
../../data\Actor_21\03-02-05-02-02-01-21.wav,03-02-05-02-02-01-21.wav,03,song,05,angry,strong,02,01,21,male
../../data\Actor_21\03-02-05-02-02-02-21.wav,03-02-05-02-02-02-21.wav,03,song,05,angry,strong,02,02,21,male
../../data\Actor_21\03-02-06-01-01-01-21.wav,03-02-06-01-01-01-21.wav,03,song,06,fearful,normal,01,01,21,male
../../data\Actor_21\03-02-06-01-01-02-21.wav,03-02-06-01-01-02-21.wav,03,song,06,fearful,normal,01,02,21,male
../../data\Actor_21\03-02-06-01-02-01-21.wav,03-02-06-01-02-01-21.wav,03,song,06,fearful,normal,02,01,21,male
../../data\Actor_21\03-02-06-01-02-02-21.wav,03-02-06-01-02-02-21.wav,03,song,06,fearful,normal,02,02,21,male
../../data\Actor_21\03-02-06-02-01-01-21.wav,03-02-06-02-01-01-21.wav,03,song,06,fearful,strong,01,01,21,male
../../data\Actor_21\03-02-06-02-01-02-21.wav,03-02-06-02-01-02-21.wav,03,song,06,fearful,strong,01,02,21,male
../../data\Actor_21\03-02-06-02-02-01-21.wav,03-02-06-02-02-01-21.wav,03,song,06,fearful,strong,02,01,21,male
../../data\Actor_21\03-02-06-02-02-02-21.wav,03-02-06-02-02-02-21.wav,03,song,06,fearful,strong,02,02,21,male
../../data\Actor_22\03-01-01-01-01-01-22.wav,03-01-01-01-01-01-22.wav,03,speech,01,neutral,normal,01,01,22,female
../../data\Actor_22\03-01-01-01-01-02-22.wav,03-01-01-01-01-02-22.wav,03,speech,01,neutral,normal,01,02,22,female
../../data\Actor_22\03-01-01-01-02-01-22.wav,03-01-01-01-02-01-22.wav,03,speech,01,neutral,normal,02,01,22,female
../../data\Actor_22\03-01-01-01-02-02-22.wav,03-01-01-01-02-02-22.wav,03,speech,01,neutral,normal,02,02,22,female
../../data\Actor_22\03-01-02-01-01-01-22.wav,03-01-02-01-01-01-22.wav,03,speech,02,calm,normal,01,01,22,female
../../data\Actor_22\03-01-02-01-01-02-22.wav,03-01-02-01-01-02-22.wav,03,speech,02,calm,normal,01,02,22,female
../../data\Actor_22\03-01-02-01-02-01-22.wav,03-01-02-01-02-01-22.wav,03,speech,02,calm,normal,02,01,22,female
../../data\Actor_22\03-01-02-01-02-02-22.wav,03-01-02-01-02-02-22.wav,03,speech,02,calm,normal,02,02,22,female
../../data\Actor_22\03-01-02-02-01-01-22.wav,03-01-02-02-01-01-22.wav,03,speech,02,calm,strong,01,01,22,female
../../data\Actor_22\03-01-02-02-01-02-22.wav,03-01-02-02-01-02-22.wav,03,speech,02,calm,strong,01,02,22,female
../../data\Actor_22\03-01-02-02-02-01-22.wav,03-01-02-02-02-01-22.wav,03,speech,02,calm,strong,02,01,22,female
../../data\Actor_22\03-01-02-02-02-02-22.wav,03-01-02-02-02-02-22.wav,03,speech,02,calm,strong,02,02,22,female
../../data\Actor_22\03-01-03-01-01-01-22.wav,03-01-03-01-01-01-22.wav,03,speech,03,happy,normal,01,01,22,female
../../data\Actor_22\03-01-03-01-01-02-22.wav,03-01-03-01-01-02-22.wav,03,speech,03,happy,normal,01,02,22,female
../../data\Actor_22\03-01-03-01-02-01-22.wav,03-01-03-01-02-01-22.wav,03,speech,03,happy,normal,02,01,22,female
../../data\Actor_22\03-01-03-01-02-02-22.wav,03-01-03-01-02-02-22.wav,03,speech,03,happy,normal,02,02,22,female
../../data\Actor_22\03-01-03-02-01-01-22.wav,03-01-03-02-01-01-22.wav,03,speech,03,happy,strong,01,01,22,female
../../data\Actor_22\03-01-03-02-01-02-22.wav,03-01-03-02-01-02-22.wav,03,speech,03,happy,strong,01,02,22,female
../../data\Actor_22\03-01-03-02-02-01-22.wav,03-01-03-02-02-01-22.wav,03,speech,03,happy,strong,02,01,22,female
../../data\Actor_22\03-01-03-02-02-02-22.wav,03-01-03-02-02-02-22.wav,03,speech,03,happy,strong,02,02,22,female
../../data\Actor_22\03-01-04-01-01-01-22.wav,03-01-04-01-01-01-22.wav,03,speech,04,sad,normal,01,01,22,female
../../data\Actor_22\03-01-04-01-01-02-22.wav,03-01-04-01-01-02-22.wav,03,speech,04,sad,normal,01,02,22,female
../../data\Actor_22\03-01-04-01-02-01-22.wav,03-01-04-01-02-01-22.wav,03,speech,04,sad,normal,02,01,22,female
../../data\Actor_22\03-01-04-01-02-02-22.wav,03-01-04-01-02-02-22.wav,03,speech,04,sad,normal,02,02,22,female
../../data\Actor_22\03-01-04-02-01-01-22.wav,03-01-04-02-01-01-22.wav,03,speech,04,sad,strong,01,01,22,female
../../data\Actor_22\03-01-04-02-01-02-22.wav,03-01-04-02-01-02-22.wav,03,speech,04,sad,strong,01,02,22,female
../../data\Actor_22\03-01-04-02-02-01-22.wav,03-01-04-02-02-01-22.wav,03,speech,04,sad,strong,02,01,22,female
../../data\Actor_22\03-01-04-02-02-02-22.wav,03-01-04-02-02-02-22.wav,03,speech,04,sad,strong,02,02,22,female
../../data\Actor_22\03-01-05-01-01-01-22.wav,03-01-05-01-01-01-22.wav,03,speech,05,angry,normal,01,01,22,female
../../data\Actor_22\03-01-05-01-01-02-22.wav,03-01-05-01-01-02-22.wav,03,speech,05,angry,normal,01,02,22,female
../../data\Actor_22\03-01-05-01-02-01-22.wav,03-01-05-01-02-01-22.wav,03,speech,05,angry,normal,02,01,22,female
../../data\Actor_22\03-01-05-01-02-02-22.wav,03-01-05-01-02-02-22.wav,03,speech,05,angry,normal,02,02,22,female
../../data\Actor_22\03-01-05-02-01-01-22.wav,03-01-05-02-01-01-22.wav,03,speech,05,angry,strong,01,01,22,female
../../data\Actor_22\03-01-05-02-01-02-22.wav,03-01-05-02-01-02-22.wav,03,speech,05,angry,strong,01,02,22,female
../../data\Actor_22\03-01-05-02-02-01-22.wav,03-01-05-02-02-01-22.wav,03,speech,05,angry,strong,02,01,22,female
../../data\Actor_22\03-01-05-02-02-02-22.wav,03-01-05-02-02-02-22.wav,03,speech,05,angry,strong,02,02,22,female
../../data\Actor_22\03-01-06-01-01-01-22.wav,03-01-06-01-01-01-22.wav,03,speech,06,fearful,normal,01,01,22,female
../../data\Actor_22\03-01-06-01-01-02-22.wav,03-01-06-01-01-02-22.wav,03,speech,06,fearful,normal,01,02,22,female
../../data\Actor_22\03-01-06-01-02-01-22.wav,03-01-06-01-02-01-22.wav,03,speech,06,fearful,normal,02,01,22,female
../../data\Actor_22\03-01-06-01-02-02-22.wav,03-01-06-01-02-02-22.wav,03,speech,06,fearful,normal,02,02,22,female
../../data\Actor_22\03-01-06-02-01-01-22.wav,03-01-06-02-01-01-22.wav,03,speech,06,fearful,strong,01,01,22,female
../../data\Actor_22\03-01-06-02-01-02-22.wav,03-01-06-02-01-02-22.wav,03,speech,06,fearful,strong,01,02,22,female
../../data\Actor_22\03-01-06-02-02-01-22.wav,03-01-06-02-02-01-22.wav,03,speech,06,fearful,strong,02,01,22,female
../../data\Actor_22\03-01-06-02-02-02-22.wav,03-01-06-02-02-02-22.wav,03,speech,06,fearful,strong,02,02,22,female
../../data\Actor_22\03-01-07-01-01-01-22.wav,03-01-07-01-01-01-22.wav,03,speech,07,disgust,normal,01,01,22,female
../../data\Actor_22\03-01-07-01-01-02-22.wav,03-01-07-01-01-02-22.wav,03,speech,07,disgust,normal,01,02,22,female
../../data\Actor_22\03-01-07-01-02-01-22.wav,03-01-07-01-02-01-22.wav,03,speech,07,disgust,normal,02,01,22,female
../../data\Actor_22\03-01-07-01-02-02-22.wav,03-01-07-01-02-02-22.wav,03,speech,07,disgust,normal,02,02,22,female
../../data\Actor_22\03-01-07-02-01-01-22.wav,03-01-07-02-01-01-22.wav,03,speech,07,disgust,strong,01,01,22,female
../../data\Actor_22\03-01-07-02-01-02-22.wav,03-01-07-02-01-02-22.wav,03,speech,07,disgust,strong,01,02,22,female
../../data\Actor_22\03-01-07-02-02-01-22.wav,03-01-07-02-02-01-22.wav,03,speech,07,disgust,strong,02,01,22,female
../../data\Actor_22\03-01-07-02-02-02-22.wav,03-01-07-02-02-02-22.wav,03,speech,07,disgust,strong,02,02,22,female
../../data\Actor_22\03-01-08-01-01-01-22.wav,03-01-08-01-01-01-22.wav,03,speech,08,surprised,normal,01,01,22,female
../../data\Actor_22\03-01-08-01-01-02-22.wav,03-01-08-01-01-02-22.wav,03,speech,08,surprised,normal,01,02,22,female
../../data\Actor_22\03-01-08-01-02-01-22.wav,03-01-08-01-02-01-22.wav,03,speech,08,surprised,normal,02,01,22,female
../../data\Actor_22\03-01-08-01-02-02-22.wav,03-01-08-01-02-02-22.wav,03,speech,08,surprised,normal,02,02,22,female
../../data\Actor_22\03-01-08-02-01-01-22.wav,03-01-08-02-01-01-22.wav,03,speech,08,surprised,strong,01,01,22,female
../../data\Actor_22\03-01-08-02-01-02-22.wav,03-01-08-02-01-02-22.wav,03,speech,08,surprised,strong,01,02,22,female
../../data\Actor_22\03-01-08-02-02-01-22.wav,03-01-08-02-02-01-22.wav,03,speech,08,surprised,strong,02,01,22,female
../../data\Actor_22\03-01-08-02-02-02-22.wav,03-01-08-02-02-02-22.wav,03,speech,08,surprised,strong,02,02,22,female
../../data\Actor_22\03-02-01-01-01-01-22.wav,03-02-01-01-01-01-22.wav,03,song,01,neutral,normal,01,01,22,female
../../data\Actor_22\03-02-01-01-01-02-22.wav,03-02-01-01-01-02-22.wav,03,song,01,neutral,normal,01,02,22,female
../../data\Actor_22\03-02-01-01-02-01-22.wav,03-02-01-01-02-01-22.wav,03,song,01,neutral,normal,02,01,22,female
../../data\Actor_22\03-02-01-01-02-02-22.wav,03-02-01-01-02-02-22.wav,03,song,01,neutral,normal,02,02,22,female
../../data\Actor_22\03-02-02-01-01-01-22.wav,03-02-02-01-01-01-22.wav,03,song,02,calm,normal,01,01,22,female
../../data\Actor_22\03-02-02-01-01-02-22.wav,03-02-02-01-01-02-22.wav,03,song,02,calm,normal,01,02,22,female
../../data\Actor_22\03-02-02-01-02-01-22.wav,03-02-02-01-02-01-22.wav,03,song,02,calm,normal,02,01,22,female
../../data\Actor_22\03-02-02-01-02-02-22.wav,03-02-02-01-02-02-22.wav,03,song,02,calm,normal,02,02,22,female
../../data\Actor_22\03-02-02-02-01-01-22.wav,03-02-02-02-01-01-22.wav,03,song,02,calm,strong,01,01,22,female
../../data\Actor_22\03-02-02-02-01-02-22.wav,03-02-02-02-01-02-22.wav,03,song,02,calm,strong,01,02,22,female
../../data\Actor_22\03-02-02-02-02-01-22.wav,03-02-02-02-02-01-22.wav,03,song,02,calm,strong,02,01,22,female
../../data\Actor_22\03-02-02-02-02-02-22.wav,03-02-02-02-02-02-22.wav,03,song,02,calm,strong,02,02,22,female
../../data\Actor_22\03-02-03-01-01-01-22.wav,03-02-03-01-01-01-22.wav,03,song,03,happy,normal,01,01,22,female
../../data\Actor_22\03-02-03-01-01-02-22.wav,03-02-03-01-01-02-22.wav,03,song,03,happy,normal,01,02,22,female
../../data\Actor_22\03-02-03-01-02-01-22.wav,03-02-03-01-02-01-22.wav,03,song,03,happy,normal,02,01,22,female
../../data\Actor_22\03-02-03-01-02-02-22.wav,03-02-03-01-02-02-22.wav,03,song,03,happy,normal,02,02,22,female
../../data\Actor_22\03-02-03-02-01-01-22.wav,03-02-03-02-01-01-22.wav,03,song,03,happy,strong,01,01,22,female
../../data\Actor_22\03-02-03-02-01-02-22.wav,03-02-03-02-01-02-22.wav,03,song,03,happy,strong,01,02,22,female
../../data\Actor_22\03-02-03-02-02-01-22.wav,03-02-03-02-02-01-22.wav,03,song,03,happy,strong,02,01,22,female
../../data\Actor_22\03-02-03-02-02-02-22.wav,03-02-03-02-02-02-22.wav,03,song,03,happy,strong,02,02,22,female
../../data\Actor_22\03-02-04-01-01-01-22.wav,03-02-04-01-01-01-22.wav,03,song,04,sad,normal,01,01,22,female
../../data\Actor_22\03-02-04-01-01-02-22.wav,03-02-04-01-01-02-22.wav,03,song,04,sad,normal,01,02,22,female
../../data\Actor_22\03-02-04-01-02-01-22.wav,03-02-04-01-02-01-22.wav,03,song,04,sad,normal,02,01,22,female
../../data\Actor_22\03-02-04-01-02-02-22.wav,03-02-04-01-02-02-22.wav,03,song,04,sad,normal,02,02,22,female
../../data\Actor_22\03-02-04-02-01-01-22.wav,03-02-04-02-01-01-22.wav,03,song,04,sad,strong,01,01,22,female
../../data\Actor_22\03-02-04-02-01-02-22.wav,03-02-04-02-01-02-22.wav,03,song,04,sad,strong,01,02,22,female
../../data\Actor_22\03-02-04-02-02-01-22.wav,03-02-04-02-02-01-22.wav,03,song,04,sad,strong,02,01,22,female
../../data\Actor_22\03-02-04-02-02-02-22.wav,03-02-04-02-02-02-22.wav,03,song,04,sad,strong,02,02,22,female
../../data\Actor_22\03-02-05-01-01-01-22.wav,03-02-05-01-01-01-22.wav,03,song,05,angry,normal,01,01,22,female
../../data\Actor_22\03-02-05-01-01-02-22.wav,03-02-05-01-01-02-22.wav,03,song,05,angry,normal,01,02,22,female
../../data\Actor_22\03-02-05-01-02-01-22.wav,03-02-05-01-02-01-22.wav,03,song,05,angry,normal,02,01,22,female
../../data\Actor_22\03-02-05-01-02-02-22.wav,03-02-05-01-02-02-22.wav,03,song,05,angry,normal,02,02,22,female
../../data\Actor_22\03-02-05-02-01-01-22.wav,03-02-05-02-01-01-22.wav,03,song,05,angry,strong,01,01,22,female
../../data\Actor_22\03-02-05-02-01-02-22.wav,03-02-05-02-01-02-22.wav,03,song,05,angry,strong,01,02,22,female
../../data\Actor_22\03-02-05-02-02-01-22.wav,03-02-05-02-02-01-22.wav,03,song,05,angry,strong,02,01,22,female
../../data\Actor_22\03-02-05-02-02-02-22.wav,03-02-05-02-02-02-22.wav,03,song,05,angry,strong,02,02,22,female
../../data\Actor_22\03-02-06-01-01-01-22.wav,03-02-06-01-01-01-22.wav,03,song,06,fearful,normal,01,01,22,female
../../data\Actor_22\03-02-06-01-01-02-22.wav,03-02-06-01-01-02-22.wav,03,song,06,fearful,normal,01,02,22,female
../../data\Actor_22\03-02-06-01-02-01-22.wav,03-02-06-01-02-01-22.wav,03,song,06,fearful,normal,02,01,22,female
../../data\Actor_22\03-02-06-01-02-02-22.wav,03-02-06-01-02-02-22.wav,03,song,06,fearful,normal,02,02,22,female
../../data\Actor_22\03-02-06-02-01-01-22.wav,03-02-06-02-01-01-22.wav,03,song,06,fearful,strong,01,01,22,female
../../data\Actor_22\03-02-06-02-01-02-22.wav,03-02-06-02-01-02-22.wav,03,song,06,fearful,strong,01,02,22,female
../../data\Actor_22\03-02-06-02-02-01-22.wav,03-02-06-02-02-01-22.wav,03,song,06,fearful,strong,02,01,22,female
../../data\Actor_22\03-02-06-02-02-02-22.wav,03-02-06-02-02-02-22.wav,03,song,06,fearful,strong,02,02,22,female
../../data\Actor_23\03-01-01-01-01-01-23.wav,03-01-01-01-01-01-23.wav,03,speech,01,neutral,normal,01,01,23,male
../../data\Actor_23\03-01-01-01-01-02-23.wav,03-01-01-01-01-02-23.wav,03,speech,01,neutral,normal,01,02,23,male
../../data\Actor_23\03-01-01-01-02-01-23.wav,03-01-01-01-02-01-23.wav,03,speech,01,neutral,normal,02,01,23,male
../../data\Actor_23\03-01-01-01-02-02-23.wav,03-01-01-01-02-02-23.wav,03,speech,01,neutral,normal,02,02,23,male
../../data\Actor_23\03-01-02-01-01-01-23.wav,03-01-02-01-01-01-23.wav,03,speech,02,calm,normal,01,01,23,male
../../data\Actor_23\03-01-02-01-01-02-23.wav,03-01-02-01-01-02-23.wav,03,speech,02,calm,normal,01,02,23,male
../../data\Actor_23\03-01-02-01-02-01-23.wav,03-01-02-01-02-01-23.wav,03,speech,02,calm,normal,02,01,23,male
../../data\Actor_23\03-01-02-01-02-02-23.wav,03-01-02-01-02-02-23.wav,03,speech,02,calm,normal,02,02,23,male
../../data\Actor_23\03-01-02-02-01-01-23.wav,03-01-02-02-01-01-23.wav,03,speech,02,calm,strong,01,01,23,male
../../data\Actor_23\03-01-02-02-01-02-23.wav,03-01-02-02-01-02-23.wav,03,speech,02,calm,strong,01,02,23,male
../../data\Actor_23\03-01-02-02-02-01-23.wav,03-01-02-02-02-01-23.wav,03,speech,02,calm,strong,02,01,23,male
../../data\Actor_23\03-01-02-02-02-02-23.wav,03-01-02-02-02-02-23.wav,03,speech,02,calm,strong,02,02,23,male
../../data\Actor_23\03-01-03-01-01-01-23.wav,03-01-03-01-01-01-23.wav,03,speech,03,happy,normal,01,01,23,male
../../data\Actor_23\03-01-03-01-01-02-23.wav,03-01-03-01-01-02-23.wav,03,speech,03,happy,normal,01,02,23,male
../../data\Actor_23\03-01-03-01-02-01-23.wav,03-01-03-01-02-01-23.wav,03,speech,03,happy,normal,02,01,23,male
../../data\Actor_23\03-01-03-01-02-02-23.wav,03-01-03-01-02-02-23.wav,03,speech,03,happy,normal,02,02,23,male
../../data\Actor_23\03-01-03-02-01-01-23.wav,03-01-03-02-01-01-23.wav,03,speech,03,happy,strong,01,01,23,male
../../data\Actor_23\03-01-03-02-01-02-23.wav,03-01-03-02-01-02-23.wav,03,speech,03,happy,strong,01,02,23,male
../../data\Actor_23\03-01-03-02-02-01-23.wav,03-01-03-02-02-01-23.wav,03,speech,03,happy,strong,02,01,23,male
../../data\Actor_23\03-01-03-02-02-02-23.wav,03-01-03-02-02-02-23.wav,03,speech,03,happy,strong,02,02,23,male
../../data\Actor_23\03-01-04-01-01-01-23.wav,03-01-04-01-01-01-23.wav,03,speech,04,sad,normal,01,01,23,male
../../data\Actor_23\03-01-04-01-01-02-23.wav,03-01-04-01-01-02-23.wav,03,speech,04,sad,normal,01,02,23,male
../../data\Actor_23\03-01-04-01-02-01-23.wav,03-01-04-01-02-01-23.wav,03,speech,04,sad,normal,02,01,23,male
../../data\Actor_23\03-01-04-01-02-02-23.wav,03-01-04-01-02-02-23.wav,03,speech,04,sad,normal,02,02,23,male
../../data\Actor_23\03-01-04-02-01-01-23.wav,03-01-04-02-01-01-23.wav,03,speech,04,sad,strong,01,01,23,male
../../data\Actor_23\03-01-04-02-01-02-23.wav,03-01-04-02-01-02-23.wav,03,speech,04,sad,strong,01,02,23,male
../../data\Actor_23\03-01-04-02-02-01-23.wav,03-01-04-02-02-01-23.wav,03,speech,04,sad,strong,02,01,23,male
../../data\Actor_23\03-01-04-02-02-02-23.wav,03-01-04-02-02-02-23.wav,03,speech,04,sad,strong,02,02,23,male
../../data\Actor_23\03-01-05-01-01-01-23.wav,03-01-05-01-01-01-23.wav,03,speech,05,angry,normal,01,01,23,male
../../data\Actor_23\03-01-05-01-01-02-23.wav,03-01-05-01-01-02-23.wav,03,speech,05,angry,normal,01,02,23,male
../../data\Actor_23\03-01-05-01-02-01-23.wav,03-01-05-01-02-01-23.wav,03,speech,05,angry,normal,02,01,23,male
../../data\Actor_23\03-01-05-01-02-02-23.wav,03-01-05-01-02-02-23.wav,03,speech,05,angry,normal,02,02,23,male
../../data\Actor_23\03-01-05-02-01-01-23.wav,03-01-05-02-01-01-23.wav,03,speech,05,angry,strong,01,01,23,male
../../data\Actor_23\03-01-05-02-01-02-23.wav,03-01-05-02-01-02-23.wav,03,speech,05,angry,strong,01,02,23,male
../../data\Actor_23\03-01-05-02-02-01-23.wav,03-01-05-02-02-01-23.wav,03,speech,05,angry,strong,02,01,23,male
../../data\Actor_23\03-01-05-02-02-02-23.wav,03-01-05-02-02-02-23.wav,03,speech,05,angry,strong,02,02,23,male
../../data\Actor_23\03-01-06-01-01-01-23.wav,03-01-06-01-01-01-23.wav,03,speech,06,fearful,normal,01,01,23,male
../../data\Actor_23\03-01-06-01-01-02-23.wav,03-01-06-01-01-02-23.wav,03,speech,06,fearful,normal,01,02,23,male
../../data\Actor_23\03-01-06-01-02-01-23.wav,03-01-06-01-02-01-23.wav,03,speech,06,fearful,normal,02,01,23,male
../../data\Actor_23\03-01-06-01-02-02-23.wav,03-01-06-01-02-02-23.wav,03,speech,06,fearful,normal,02,02,23,male
../../data\Actor_23\03-01-06-02-01-01-23.wav,03-01-06-02-01-01-23.wav,03,speech,06,fearful,strong,01,01,23,male
../../data\Actor_23\03-01-06-02-01-02-23.wav,03-01-06-02-01-02-23.wav,03,speech,06,fearful,strong,01,02,23,male
../../data\Actor_23\03-01-06-02-02-01-23.wav,03-01-06-02-02-01-23.wav,03,speech,06,fearful,strong,02,01,23,male
../../data\Actor_23\03-01-06-02-02-02-23.wav,03-01-06-02-02-02-23.wav,03,speech,06,fearful,strong,02,02,23,male
../../data\Actor_23\03-01-07-01-01-01-23.wav,03-01-07-01-01-01-23.wav,03,speech,07,disgust,normal,01,01,23,male
../../data\Actor_23\03-01-07-01-01-02-23.wav,03-01-07-01-01-02-23.wav,03,speech,07,disgust,normal,01,02,23,male
../../data\Actor_23\03-01-07-01-02-01-23.wav,03-01-07-01-02-01-23.wav,03,speech,07,disgust,normal,02,01,23,male
../../data\Actor_23\03-01-07-01-02-02-23.wav,03-01-07-01-02-02-23.wav,03,speech,07,disgust,normal,02,02,23,male
../../data\Actor_23\03-01-07-02-01-01-23.wav,03-01-07-02-01-01-23.wav,03,speech,07,disgust,strong,01,01,23,male
../../data\Actor_23\03-01-07-02-01-02-23.wav,03-01-07-02-01-02-23.wav,03,speech,07,disgust,strong,01,02,23,male
../../data\Actor_23\03-01-07-02-02-01-23.wav,03-01-07-02-02-01-23.wav,03,speech,07,disgust,strong,02,01,23,male
../../data\Actor_23\03-01-07-02-02-02-23.wav,03-01-07-02-02-02-23.wav,03,speech,07,disgust,strong,02,02,23,male
../../data\Actor_23\03-01-08-01-01-01-23.wav,03-01-08-01-01-01-23.wav,03,speech,08,surprised,normal,01,01,23,male
../../data\Actor_23\03-01-08-01-01-02-23.wav,03-01-08-01-01-02-23.wav,03,speech,08,surprised,normal,01,02,23,male
../../data\Actor_23\03-01-08-01-02-01-23.wav,03-01-08-01-02-01-23.wav,03,speech,08,surprised,normal,02,01,23,male
../../data\Actor_23\03-01-08-01-02-02-23.wav,03-01-08-01-02-02-23.wav,03,speech,08,surprised,normal,02,02,23,male
../../data\Actor_23\03-01-08-02-01-01-23.wav,03-01-08-02-01-01-23.wav,03,speech,08,surprised,strong,01,01,23,male
../../data\Actor_23\03-01-08-02-01-02-23.wav,03-01-08-02-01-02-23.wav,03,speech,08,surprised,strong,01,02,23,male
../../data\Actor_23\03-01-08-02-02-01-23.wav,03-01-08-02-02-01-23.wav,03,speech,08,surprised,strong,02,01,23,male
../../data\Actor_23\03-01-08-02-02-02-23.wav,03-01-08-02-02-02-23.wav,03,speech,08,surprised,strong,02,02,23,male
../../data\Actor_23\03-02-01-01-01-01-23.wav,03-02-01-01-01-01-23.wav,03,song,01,neutral,normal,01,01,23,male
../../data\Actor_23\03-02-01-01-01-02-23.wav,03-02-01-01-01-02-23.wav,03,song,01,neutral,normal,01,02,23,male
../../data\Actor_23\03-02-01-01-02-01-23.wav,03-02-01-01-02-01-23.wav,03,song,01,neutral,normal,02,01,23,male
../../data\Actor_23\03-02-01-01-02-02-23.wav,03-02-01-01-02-02-23.wav,03,song,01,neutral,normal,02,02,23,male
../../data\Actor_23\03-02-02-01-01-01-23.wav,03-02-02-01-01-01-23.wav,03,song,02,calm,normal,01,01,23,male
../../data\Actor_23\03-02-02-01-01-02-23.wav,03-02-02-01-01-02-23.wav,03,song,02,calm,normal,01,02,23,male
../../data\Actor_23\03-02-02-01-02-01-23.wav,03-02-02-01-02-01-23.wav,03,song,02,calm,normal,02,01,23,male
../../data\Actor_23\03-02-02-01-02-02-23.wav,03-02-02-01-02-02-23.wav,03,song,02,calm,normal,02,02,23,male
../../data\Actor_23\03-02-02-02-01-01-23.wav,03-02-02-02-01-01-23.wav,03,song,02,calm,strong,01,01,23,male
../../data\Actor_23\03-02-02-02-01-02-23.wav,03-02-02-02-01-02-23.wav,03,song,02,calm,strong,01,02,23,male
../../data\Actor_23\03-02-02-02-02-01-23.wav,03-02-02-02-02-01-23.wav,03,song,02,calm,strong,02,01,23,male
../../data\Actor_23\03-02-02-02-02-02-23.wav,03-02-02-02-02-02-23.wav,03,song,02,calm,strong,02,02,23,male
../../data\Actor_23\03-02-03-01-01-01-23.wav,03-02-03-01-01-01-23.wav,03,song,03,happy,normal,01,01,23,male
../../data\Actor_23\03-02-03-01-01-02-23.wav,03-02-03-01-01-02-23.wav,03,song,03,happy,normal,01,02,23,male
../../data\Actor_23\03-02-03-01-02-01-23.wav,03-02-03-01-02-01-23.wav,03,song,03,happy,normal,02,01,23,male
../../data\Actor_23\03-02-03-01-02-02-23.wav,03-02-03-01-02-02-23.wav,03,song,03,happy,normal,02,02,23,male
../../data\Actor_23\03-02-03-02-01-01-23.wav,03-02-03-02-01-01-23.wav,03,song,03,happy,strong,01,01,23,male
../../data\Actor_23\03-02-03-02-01-02-23.wav,03-02-03-02-01-02-23.wav,03,song,03,happy,strong,01,02,23,male
../../data\Actor_23\03-02-03-02-02-01-23.wav,03-02-03-02-02-01-23.wav,03,song,03,happy,strong,02,01,23,male
../../data\Actor_23\03-02-03-02-02-02-23.wav,03-02-03-02-02-02-23.wav,03,song,03,happy,strong,02,02,23,male
../../data\Actor_23\03-02-04-01-01-01-23.wav,03-02-04-01-01-01-23.wav,03,song,04,sad,normal,01,01,23,male
../../data\Actor_23\03-02-04-01-01-02-23.wav,03-02-04-01-01-02-23.wav,03,song,04,sad,normal,01,02,23,male
../../data\Actor_23\03-02-04-01-02-01-23.wav,03-02-04-01-02-01-23.wav,03,song,04,sad,normal,02,01,23,male
../../data\Actor_23\03-02-04-01-02-02-23.wav,03-02-04-01-02-02-23.wav,03,song,04,sad,normal,02,02,23,male
../../data\Actor_23\03-02-04-02-01-01-23.wav,03-02-04-02-01-01-23.wav,03,song,04,sad,strong,01,01,23,male
../../data\Actor_23\03-02-04-02-01-02-23.wav,03-02-04-02-01-02-23.wav,03,song,04,sad,strong,01,02,23,male
../../data\Actor_23\03-02-04-02-02-01-23.wav,03-02-04-02-02-01-23.wav,03,song,04,sad,strong,02,01,23,male
../../data\Actor_23\03-02-04-02-02-02-23.wav,03-02-04-02-02-02-23.wav,03,song,04,sad,strong,02,02,23,male
../../data\Actor_23\03-02-05-01-01-01-23.wav,03-02-05-01-01-01-23.wav,03,song,05,angry,normal,01,01,23,male
../../data\Actor_23\03-02-05-01-01-02-23.wav,03-02-05-01-01-02-23.wav,03,song,05,angry,normal,01,02,23,male
../../data\Actor_23\03-02-05-01-02-01-23.wav,03-02-05-01-02-01-23.wav,03,song,05,angry,normal,02,01,23,male
../../data\Actor_23\03-02-05-01-02-02-23.wav,03-02-05-01-02-02-23.wav,03,song,05,angry,normal,02,02,23,male
../../data\Actor_23\03-02-05-02-01-01-23.wav,03-02-05-02-01-01-23.wav,03,song,05,angry,strong,01,01,23,male
../../data\Actor_23\03-02-05-02-01-02-23.wav,03-02-05-02-01-02-23.wav,03,song,05,angry,strong,01,02,23,male
../../data\Actor_23\03-02-05-02-02-01-23.wav,03-02-05-02-02-01-23.wav,03,song,05,angry,strong,02,01,23,male
../../data\Actor_23\03-02-05-02-02-02-23.wav,03-02-05-02-02-02-23.wav,03,song,05,angry,strong,02,02,23,male
../../data\Actor_23\03-02-06-01-01-01-23.wav,03-02-06-01-01-01-23.wav,03,song,06,fearful,normal,01,01,23,male
../../data\Actor_23\03-02-06-01-01-02-23.wav,03-02-06-01-01-02-23.wav,03,song,06,fearful,normal,01,02,23,male
../../data\Actor_23\03-02-06-01-02-01-23.wav,03-02-06-01-02-01-23.wav,03,song,06,fearful,normal,02,01,23,male
../../data\Actor_23\03-02-06-01-02-02-23.wav,03-02-06-01-02-02-23.wav,03,song,06,fearful,normal,02,02,23,male
../../data\Actor_23\03-02-06-02-01-01-23.wav,03-02-06-02-01-01-23.wav,03,song,06,fearful,strong,01,01,23,male
../../data\Actor_23\03-02-06-02-01-02-23.wav,03-02-06-02-01-02-23.wav,03,song,06,fearful,strong,01,02,23,male
../../data\Actor_23\03-02-06-02-02-01-23.wav,03-02-06-02-02-01-23.wav,03,song,06,fearful,strong,02,01,23,male
../../data\Actor_23\03-02-06-02-02-02-23.wav,03-02-06-02-02-02-23.wav,03,song,06,fearful,strong,02,02,23,male
../../data\Actor_24\03-01-01-01-01-01-24.wav,03-01-01-01-01-01-24.wav,03,speech,01,neutral,normal,01,01,24,female
../../data\Actor_24\03-01-01-01-01-02-24.wav,03-01-01-01-01-02-24.wav,03,speech,01,neutral,normal,01,02,24,female
../../data\Actor_24\03-01-01-01-02-01-24.wav,03-01-01-01-02-01-24.wav,03,speech,01,neutral,normal,02,01,24,female
../../data\Actor_24\03-01-01-01-02-02-24.wav,03-01-01-01-02-02-24.wav,03,speech,01,neutral,normal,02,02,24,female
../../data\Actor_24\03-01-02-01-01-01-24.wav,03-01-02-01-01-01-24.wav,03,speech,02,calm,normal,01,01,24,female
../../data\Actor_24\03-01-02-01-01-02-24.wav,03-01-02-01-01-02-24.wav,03,speech,02,calm,normal,01,02,24,female
../../data\Actor_24\03-01-02-01-02-01-24.wav,03-01-02-01-02-01-24.wav,03,speech,02,calm,normal,02,01,24,female
../../data\Actor_24\03-01-02-01-02-02-24.wav,03-01-02-01-02-02-24.wav,03,speech,02,calm,normal,02,02,24,female
../../data\Actor_24\03-01-02-02-01-01-24.wav,03-01-02-02-01-01-24.wav,03,speech,02,calm,strong,01,01,24,female
../../data\Actor_24\03-01-02-02-01-02-24.wav,03-01-02-02-01-02-24.wav,03,speech,02,calm,strong,01,02,24,female
../../data\Actor_24\03-01-02-02-02-01-24.wav,03-01-02-02-02-01-24.wav,03,speech,02,calm,strong,02,01,24,female
../../data\Actor_24\03-01-02-02-02-02-24.wav,03-01-02-02-02-02-24.wav,03,speech,02,calm,strong,02,02,24,female
../../data\Actor_24\03-01-03-01-01-01-24.wav,03-01-03-01-01-01-24.wav,03,speech,03,happy,normal,01,01,24,female
../../data\Actor_24\03-01-03-01-01-02-24.wav,03-01-03-01-01-02-24.wav,03,speech,03,happy,normal,01,02,24,female
../../data\Actor_24\03-01-03-01-02-01-24.wav,03-01-03-01-02-01-24.wav,03,speech,03,happy,normal,02,01,24,female
../../data\Actor_24\03-01-03-01-02-02-24.wav,03-01-03-01-02-02-24.wav,03,speech,03,happy,normal,02,02,24,female
../../data\Actor_24\03-01-03-02-01-01-24.wav,03-01-03-02-01-01-24.wav,03,speech,03,happy,strong,01,01,24,female
../../data\Actor_24\03-01-03-02-01-02-24.wav,03-01-03-02-01-02-24.wav,03,speech,03,happy,strong,01,02,24,female
../../data\Actor_24\03-01-03-02-02-01-24.wav,03-01-03-02-02-01-24.wav,03,speech,03,happy,strong,02,01,24,female
../../data\Actor_24\03-01-03-02-02-02-24.wav,03-01-03-02-02-02-24.wav,03,speech,03,happy,strong,02,02,24,female
../../data\Actor_24\03-01-04-01-01-01-24.wav,03-01-04-01-01-01-24.wav,03,speech,04,sad,normal,01,01,24,female
../../data\Actor_24\03-01-04-01-01-02-24.wav,03-01-04-01-01-02-24.wav,03,speech,04,sad,normal,01,02,24,female
../../data\Actor_24\03-01-04-01-02-01-24.wav,03-01-04-01-02-01-24.wav,03,speech,04,sad,normal,02,01,24,female
../../data\Actor_24\03-01-04-01-02-02-24.wav,03-01-04-01-02-02-24.wav,03,speech,04,sad,normal,02,02,24,female
../../data\Actor_24\03-01-04-02-01-01-24.wav,03-01-04-02-01-01-24.wav,03,speech,04,sad,strong,01,01,24,female
../../data\Actor_24\03-01-04-02-01-02-24.wav,03-01-04-02-01-02-24.wav,03,speech,04,sad,strong,01,02,24,female
../../data\Actor_24\03-01-04-02-02-01-24.wav,03-01-04-02-02-01-24.wav,03,speech,04,sad,strong,02,01,24,female
../../data\Actor_24\03-01-04-02-02-02-24.wav,03-01-04-02-02-02-24.wav,03,speech,04,sad,strong,02,02,24,female
../../data\Actor_24\03-01-05-01-01-01-24.wav,03-01-05-01-01-01-24.wav,03,speech,05,angry,normal,01,01,24,female
../../data\Actor_24\03-01-05-01-01-02-24.wav,03-01-05-01-01-02-24.wav,03,speech,05,angry,normal,01,02,24,female
../../data\Actor_24\03-01-05-01-02-01-24.wav,03-01-05-01-02-01-24.wav,03,speech,05,angry,normal,02,01,24,female
../../data\Actor_24\03-01-05-01-02-02-24.wav,03-01-05-01-02-02-24.wav,03,speech,05,angry,normal,02,02,24,female
../../data\Actor_24\03-01-05-02-01-01-24.wav,03-01-05-02-01-01-24.wav,03,speech,05,angry,strong,01,01,24,female
../../data\Actor_24\03-01-05-02-01-02-24.wav,03-01-05-02-01-02-24.wav,03,speech,05,angry,strong,01,02,24,female
../../data\Actor_24\03-01-05-02-02-01-24.wav,03-01-05-02-02-01-24.wav,03,speech,05,angry,strong,02,01,24,female
../../data\Actor_24\03-01-05-02-02-02-24.wav,03-01-05-02-02-02-24.wav,03,speech,05,angry,strong,02,02,24,female
../../data\Actor_24\03-01-06-01-01-01-24.wav,03-01-06-01-01-01-24.wav,03,speech,06,fearful,normal,01,01,24,female
../../data\Actor_24\03-01-06-01-01-02-24.wav,03-01-06-01-01-02-24.wav,03,speech,06,fearful,normal,01,02,24,female
../../data\Actor_24\03-01-06-01-02-01-24.wav,03-01-06-01-02-01-24.wav,03,speech,06,fearful,normal,02,01,24,female
../../data\Actor_24\03-01-06-01-02-02-24.wav,03-01-06-01-02-02-24.wav,03,speech,06,fearful,normal,02,02,24,female
../../data\Actor_24\03-01-06-02-01-01-24.wav,03-01-06-02-01-01-24.wav,03,speech,06,fearful,strong,01,01,24,female
../../data\Actor_24\03-01-06-02-01-02-24.wav,03-01-06-02-01-02-24.wav,03,speech,06,fearful,strong,01,02,24,female
../../data\Actor_24\03-01-06-02-02-01-24.wav,03-01-06-02-02-01-24.wav,03,speech,06,fearful,strong,02,01,24,female
../../data\Actor_24\03-01-06-02-02-02-24.wav,03-01-06-02-02-02-24.wav,03,speech,06,fearful,strong,02,02,24,female
../../data\Actor_24\03-01-07-01-01-01-24.wav,03-01-07-01-01-01-24.wav,03,speech,07,disgust,normal,01,01,24,female
../../data\Actor_24\03-01-07-01-01-02-24.wav,03-01-07-01-01-02-24.wav,03,speech,07,disgust,normal,01,02,24,female
../../data\Actor_24\03-01-07-01-02-01-24.wav,03-01-07-01-02-01-24.wav,03,speech,07,disgust,normal,02,01,24,female
../../data\Actor_24\03-01-07-01-02-02-24.wav,03-01-07-01-02-02-24.wav,03,speech,07,disgust,normal,02,02,24,female
../../data\Actor_24\03-01-07-02-01-01-24.wav,03-01-07-02-01-01-24.wav,03,speech,07,disgust,strong,01,01,24,female
../../data\Actor_24\03-01-07-02-01-02-24.wav,03-01-07-02-01-02-24.wav,03,speech,07,disgust,strong,01,02,24,female
../../data\Actor_24\03-01-07-02-02-01-24.wav,03-01-07-02-02-01-24.wav,03,speech,07,disgust,strong,02,01,24,female
../../data\Actor_24\03-01-07-02-02-02-24.wav,03-01-07-02-02-02-24.wav,03,speech,07,disgust,strong,02,02,24,female
../../data\Actor_24\03-01-08-01-01-01-24.wav,03-01-08-01-01-01-24.wav,03,speech,08,surprised,normal,01,01,24,female
../../data\Actor_24\03-01-08-01-01-02-24.wav,03-01-08-01-01-02-24.wav,03,speech,08,surprised,normal,01,02,24,female
../../data\Actor_24\03-01-08-01-02-01-24.wav,03-01-08-01-02-01-24.wav,03,speech,08,surprised,normal,02,01,24,female
../../data\Actor_24\03-01-08-01-02-02-24.wav,03-01-08-01-02-02-24.wav,03,speech,08,surprised,normal,02,02,24,female
../../data\Actor_24\03-01-08-02-01-01-24.wav,03-01-08-02-01-01-24.wav,03,speech,08,surprised,strong,01,01,24,female
../../data\Actor_24\03-01-08-02-01-02-24.wav,03-01-08-02-01-02-24.wav,03,speech,08,surprised,strong,01,02,24,female
../../data\Actor_24\03-01-08-02-02-01-24.wav,03-01-08-02-02-01-24.wav,03,speech,08,surprised,strong,02,01,24,female
../../data\Actor_24\03-01-08-02-02-02-24.wav,03-01-08-02-02-02-24.wav,03,speech,08,surprised,strong,02,02,24,female
../../data\Actor_24\03-02-01-01-01-01-24.wav,03-02-01-01-01-01-24.wav,03,song,01,neutral,normal,01,01,24,female
../../data\Actor_24\03-02-01-01-01-02-24.wav,03-02-01-01-01-02-24.wav,03,song,01,neutral,normal,01,02,24,female
../../data\Actor_24\03-02-01-01-02-01-24.wav,03-02-01-01-02-01-24.wav,03,song,01,neutral,normal,02,01,24,female
../../data\Actor_24\03-02-01-01-02-02-24.wav,03-02-01-01-02-02-24.wav,03,song,01,neutral,normal,02,02,24,female
../../data\Actor_24\03-02-02-01-01-01-24.wav,03-02-02-01-01-01-24.wav,03,song,02,calm,normal,01,01,24,female
../../data\Actor_24\03-02-02-01-01-02-24.wav,03-02-02-01-01-02-24.wav,03,song,02,calm,normal,01,02,24,female
../../data\Actor_24\03-02-02-01-02-01-24.wav,03-02-02-01-02-01-24.wav,03,song,02,calm,normal,02,01,24,female
../../data\Actor_24\03-02-02-01-02-02-24.wav,03-02-02-01-02-02-24.wav,03,song,02,calm,normal,02,02,24,female
../../data\Actor_24\03-02-02-02-01-01-24.wav,03-02-02-02-01-01-24.wav,03,song,02,calm,strong,01,01,24,female
../../data\Actor_24\03-02-02-02-01-02-24.wav,03-02-02-02-01-02-24.wav,03,song,02,calm,strong,01,02,24,female
../../data\Actor_24\03-02-02-02-02-01-24.wav,03-02-02-02-02-01-24.wav,03,song,02,calm,strong,02,01,24,female
../../data\Actor_24\03-02-02-02-02-02-24.wav,03-02-02-02-02-02-24.wav,03,song,02,calm,strong,02,02,24,female
../../data\Actor_24\03-02-03-01-01-01-24.wav,03-02-03-01-01-01-24.wav,03,song,03,happy,normal,01,01,24,female
../../data\Actor_24\03-02-03-01-01-02-24.wav,03-02-03-01-01-02-24.wav,03,song,03,happy,normal,01,02,24,female
../../data\Actor_24\03-02-03-01-02-01-24.wav,03-02-03-01-02-01-24.wav,03,song,03,happy,normal,02,01,24,female
../../data\Actor_24\03-02-03-01-02-02-24.wav,03-02-03-01-02-02-24.wav,03,song,03,happy,normal,02,02,24,female
../../data\Actor_24\03-02-03-02-01-01-24.wav,03-02-03-02-01-01-24.wav,03,song,03,happy,strong,01,01,24,female
../../data\Actor_24\03-02-03-02-01-02-24.wav,03-02-03-02-01-02-24.wav,03,song,03,happy,strong,01,02,24,female
../../data\Actor_24\03-02-03-02-02-01-24.wav,03-02-03-02-02-01-24.wav,03,song,03,happy,strong,02,01,24,female
../../data\Actor_24\03-02-03-02-02-02-24.wav,03-02-03-02-02-02-24.wav,03,song,03,happy,strong,02,02,24,female
../../data\Actor_24\03-02-04-01-01-01-24.wav,03-02-04-01-01-01-24.wav,03,song,04,sad,normal,01,01,24,female
../../data\Actor_24\03-02-04-01-01-02-24.wav,03-02-04-01-01-02-24.wav,03,song,04,sad,normal,01,02,24,female
../../data\Actor_24\03-02-04-01-02-01-24.wav,03-02-04-01-02-01-24.wav,03,song,04,sad,normal,02,01,24,female
../../data\Actor_24\03-02-04-01-02-02-24.wav,03-02-04-01-02-02-24.wav,03,song,04,sad,normal,02,02,24,female
../../data\Actor_24\03-02-04-02-01-01-24.wav,03-02-04-02-01-01-24.wav,03,song,04,sad,strong,01,01,24,female
../../data\Actor_24\03-02-04-02-01-02-24.wav,03-02-04-02-01-02-24.wav,03,song,04,sad,strong,01,02,24,female
../../data\Actor_24\03-02-04-02-02-01-24.wav,03-02-04-02-02-01-24.wav,03,song,04,sad,strong,02,01,24,female
../../data\Actor_24\03-02-04-02-02-02-24.wav,03-02-04-02-02-02-24.wav,03,song,04,sad,strong,02,02,24,female
../../data\Actor_24\03-02-05-01-01-01-24.wav,03-02-05-01-01-01-24.wav,03,song,05,angry,normal,01,01,24,female
../../data\Actor_24\03-02-05-01-01-02-24.wav,03-02-05-01-01-02-24.wav,03,song,05,angry,normal,01,02,24,female
../../data\Actor_24\03-02-05-01-02-01-24.wav,03-02-05-01-02-01-24.wav,03,song,05,angry,normal,02,01,24,female
../../data\Actor_24\03-02-05-01-02-02-24.wav,03-02-05-01-02-02-24.wav,03,song,05,angry,normal,02,02,24,female
../../data\Actor_24\03-02-05-02-01-01-24.wav,03-02-05-02-01-01-24.wav,03,song,05,angry,strong,01,01,24,female
../../data\Actor_24\03-02-05-02-01-02-24.wav,03-02-05-02-01-02-24.wav,03,song,05,angry,strong,01,02,24,female
../../data\Actor_24\03-02-05-02-02-01-24.wav,03-02-05-02-02-01-24.wav,03,song,05,angry,strong,02,01,24,female
../../data\Actor_24\03-02-05-02-02-02-24.wav,03-02-05-02-02-02-24.wav,03,song,05,angry,strong,02,02,24,female
../../data\Actor_24\03-02-06-01-01-01-24.wav,03-02-06-01-01-01-24.wav,03,song,06,fearful,normal,01,01,24,female
../../data\Actor_24\03-02-06-01-01-02-24.wav,03-02-06-01-01-02-24.wav,03,song,06,fearful,normal,01,02,24,female
../../data\Actor_24\03-02-06-01-02-01-24.wav,03-02-06-01-02-01-24.wav,03,song,06,fearful,normal,02,01,24,female
../../data\Actor_24\03-02-06-01-02-02-24.wav,03-02-06-01-02-02-24.wav,03,song,06,fearful,normal,02,02,24,female
../../data\Actor_24\03-02-06-02-01-01-24.wav,03-02-06-02-01-01-24.wav,03,song,06,fearful,strong,01,01,24,female
../../data\Actor_24\03-02-06-02-01-02-24.wav,03-02-06-02-01-02-24.wav,03,song,06,fearful,strong,01,02,24,female
../../data\Actor_24\03-02-06-02-02-01-24.wav,03-02-06-02-02-01-24.wav,03,song,06,fearful,strong,02,01,24,female
../../data\Actor_24\03-02-06-02-02-02-24.wav,03-02-06-02-02-02-24.wav,03,song,06,fearful,strong,02,02,24,female
